rank_8t,tier_8t,rank_10t,rank_12t,player,team,pos,age,proj_gp_or_starts,fp_per_game,proj_fp,vor_8t,yahoo_adp,g,a,shp,sog,hit,blk,w,sv,ga,so,sv_pct,ir_stash_8t,flag
1,1,1,1,Nathan MacKinnon,COL,C,31,72.2,7.81,564,232,2.1,39.6,68.1,0.0,298.4,49.8,39.0,,,,,,,
2,2,2,2,Connor McDavid,EDM,C,29,69.9,7.61,532,200,1.5,34.7,76.8,1.2,243.5,36.4,23.5,,,,,,,
3,2,4,3,Zach Werenski,CBJ,D,29,71.5,6.01,430,181,15.1,17.8,54.7,1.6,253.4,24.2,99.2,,,,,,,
4,2,3,4,Nikita Kucherov,TBL,RW,33,71.0,7.02,498,176,3.8,32.7,74.2,0.6,211.4,29.1,28.1,,,,,,,
5,3,5,5,Macklin Celebrini,SJS,C,20,70.6,7.11,501,170,4.7,36.0,57.6,0.0,263.6,43.0,48.1,,,,,,,
6,3,7,6,Cale Makar,COL,D,27,71.3,5.73,408,160,6.3,16.3,55.8,1.0,200.0,37.7,112.8,,,,,,,
7,3,8,7,Evan Bouchard,EDM,D,26,73.3,5.52,405,156,16.2,14.3,60.8,1.2,206.1,26.6,92.5,,,,,,,
8,3,6,8,David Pastrnak,BOS,RW,30,72.2,6.6,476,154,8.4,30.8,60.6,0.0,250.1,69.8,26.8,,,,,,,
9,4,10,9,Jack Eichel,VGK,C,29,70.3,6.45,454,122,22.6,27.3,60.0,2.5,234.8,28.5,42.4,,,,,,,
10,4,9,12,Matt Boldy,MIN,"LW,RW",25,71.9,6.16,443,120,21.3,33.4,41.4,2.4,244.3,52.7,57.0,,,,,,,
11,4,12,10,Quinn Hughes,MIN,D,26,68.2,5.4,369,120,12.2,10.2,63.8,0.0,182.7,8.6,75.9,,,,,,,
12,4,11,11,Kyle Connor,WPG,LW,29,73.3,6.05,444,119,30.1,34.0,48.3,2.4,242.9,27.5,25.4,,,,,,,
13,4,15,13,Rasmus Dahlin,BUF,D,26,70.1,5.2,365,116,34.7,13.6,50.7,0.3,185.5,73.2,79.4,,,,,,,
14,4,14,14,Leon Draisaitl,EDM,"C,LW",30,66.9,6.58,440,116,5.9,33.6,57.2,0.6,198.0,30.0,19.1,,,,,,,
15,4,17,15,Moritz Seider,DET,D,25,73.3,4.95,363,115,53.2,9.0,41.8,0.0,162.6,140.8,161.3,,,,,,,
16,4,16,16,Kirill Kaprizov,MIN,LW,29,69.9,6.26,438,114,9.8,37.0,42.4,0.0,242.5,42.3,25.3,,,,,,,
17,4,13,17,Jason Robertson,DAL,"LW,RW",27,73.3,5.92,434,112,10.2,34.7,43.7,0.0,237.0,46.7,33.9,,,,,,,
18,5,18,18,Jack Hughes,NJD,"C,LW",25,63.8,6.7,427,103,19.1,29.6,50.5,2.1,242.4,5.3,32.2,,,,,,,
19,5,19,19,Auston Matthews,TOR,C,29,66.9,6.49,434,102,17.2,31.8,35.0,0.7,255.8,46.1,89.7,,,,,,,
20,5,20,21,Matthew Schaefer,NYI,D,19,73.3,4.73,347,98,31.6,17.0,34.8,0.0,214.4,35.8,99.3,,,,,,,
21,5,21,22,Brady Tkachuk,FLA,"C,LW",27,65.9,6.38,420,96,25.6,28.5,34.7,0.7,253.9,190.1,24.5,,,,,,,
22,6,22,25,Tage Thompson,BUF,"C,RW",28,71.7,5.75,412,90,29.4,34.9,33.0,0.6,236.6,72.2,38.1,,,,,,,
23,6,23,26,Martin Necas,COL,RW,27,71.7,5.75,412,90,15.9,28.0,54.8,0.0,184.7,70.4,22.8,,,,,,,
24,6,24,29,Alex DeBrincat,DET,"LW,RW",28,73.3,5.55,407,85,41.0,34.3,35.3,0.0,243.2,32.4,34.6,,,,,,,
25,6,27,27,Jake Sanderson,OTT,D,24,69.4,4.79,333,84,63.7,10.7,41.7,1.4,162.1,31.2,136.0,,,,,,,
26,6,25,31,Brandon Hagel,TBL,"LW,RW",28,70.8,5.73,406,83,37.8,30.8,41.6,2.9,207.0,45.3,43.2,,,,,,,
27,6,26,32,Cole Caufield,MTL,"LW,RW",25,73.1,5.55,406,83,18.1,37.5,32.6,0.0,230.7,50.0,22.0,,,,,,,
28,6,29,28,Lane Hutson,MTL,D,22,73.3,4.52,331,83,20.8,7.1,60.0,0.0,105.6,30.5,118.1,,,,,,,
29,6,28,30,Nick Suzuki,MTL,C,27,73.3,5.63,413,81,12.9,23.7,60.3,1.2,160.2,55.8,58.3,,,,,,,
30,7,31,38,Clayton Keller,UTA,"LW,RW",28,73.1,5.37,393,70,44.0,25.0,54.9,0.0,199.3,8.1,28.0,,,,,,,
31,7,32,39,Wyatt Johnston,DAL,"C,RW",23,73.3,5.34,392,69,19.2,32.5,37.5,0.9,192.1,46.6,46.7,,,,,,,
32,7,30,20,Andrei Vasilevskiy,TBL,G,,52.5,5.52,289,69,11.0,,,,,,,33.2,1261,131,2.6,0.906,,
33,7,36,40,Tim Stützle,OTT,"C,LW",24,72.9,5.35,390,65,48.0,25.2,47.1,1.2,168.4,115.0,40.1,,,,,,,
34,7,38,42,Jakob Chychrun,WSH,D,28,71.0,4.4,312,64,51.3,15.8,28.8,0.0,188.1,53.2,95.3,,,,,,,
35,7,33,23,Jet Greaves,CBJ,G,,54.3,5.2,283,62,118.2,,,,,,,27.2,1404,152,2.6,0.902,,
36,7,35,47,Jake Guentzel,TBL,"LW,RW",31,72.6,5.28,384,61,32.8,30.2,40.3,1.5,191.3,31.7,40.4,,,,,,,
37,7,34,24,Logan Thompson,WSH,G,,52.5,5.33,280,59,30.3,,,,,,,28.8,1324,141,2.8,0.903,,
38,7,37,52,Kirill Marchenko,TOR,RW,26,71.3,5.35,381,58,62.9,27.8,40.7,0.6,202.0,54.5,36.3,,,,,,,
39,7,46,49,Mikhail Sergachev,UTA,D,28,71.3,4.3,307,58,91.4,9.0,41.4,1.5,137.2,42.3,119.5,,,,,,,
40,7,44,50,Filip Forsberg,NSH,LW,32,72.2,5.28,381,57,56.1,29.4,31.9,0.0,213.7,117.5,34.9,,,,,,,
41,7,39,51,Dylan Guenther,UTA,"LW,RW",23,69.9,5.43,379,57,41.7,31.9,31.9,0.0,221.2,56.6,30.3,,,,,,,
42,7,42,59,Connor Bedard,CHI,"C,RW",21,55.3,5.7,315,57,64.6,22.4,36.3,0.0,174.8,27.5,22.9,,,,,,Y,"shoulder surgery, ~Nov"
43,7,41,55,Mikko Rantanen,DAL,"LW,RW",29,69.2,5.45,377,54,25.6,23.0,54.5,0.0,161.9,47.2,34.3,,,,,,,
44,7,52,53,MacKenzie Weegar,UTA,D,32,72.4,4.18,302,54,112.7,6.7,25.0,1.2,140.5,169.5,164.4,,,,,,,
45,8,43,58,Adrian Kempe,LAK,RW,30,72.9,5.15,375,52,54.7,29.0,32.6,1.5,200.6,105.8,34.1,,,,,,,
46,8,55,54,Noah Dobson,MTL,D,26,70.3,4.28,301,52,94.3,9.3,29.2,0.9,159.9,55.1,152.2,,,,,,,
47,8,48,64,Seth Jarvis,CAR,"LW,RW",24,57.7,5.67,327,51,122.0,24.9,28.2,5.1,178.1,68.6,28.5,,,,,,Y,"shoulder surgery, late Oct+"
48,8,56,56,Jackson LaCombe,ANA,D,25,71.7,4.18,300,51,79.3,8.9,38.0,1.5,137.0,65.1,115.7,,,,,,,
49,8,40,33,Karel Vejmelka,UTA,G,,57.0,4.75,271,50,69.0,,,,,,,31.3,1330,152,2.0,0.898,,
50,8,47,60,Cutter Gauthier,ANA,"C,LW,RW",22,71.9,5.18,373,50,34.6,32.1,25.7,0.0,243.5,60.2,28.4,,,,,,,
51,8,50,63,Matthew Tkachuk,FLA,"LW,RW",28,66.9,5.54,371,48,34.0,25.7,43.7,0.0,190.5,83.4,15.9,,,,,,,
52,8,54,66,Mitch Marner,VGK,"C,LW,RW",29,72.9,5.06,369,46,42.2,21.0,56.4,1.2,151.0,29.5,39.5,,,,,,,
53,8,62,62,Adam Fox,NYR,D,28,65.2,4.51,294,46,56.0,7.5,49.1,1.8,112.6,31.3,90.9,,,,,,,
54,8,45,34,Ilya Sorokin,NYI,G,,51.6,5.16,266,45,36.8,,,,,,,27.0,1279,140,3.8,0.901,,
55,8,60,65,Mark Scheifele,WPG,C,33,73.3,5.13,377,45,36.3,25.6,50.7,0.6,148.9,41.5,46.1,,,,,,,
56,8,57,70,William Nylander,TOR,"C,RW",30,69.4,5.27,366,43,42.2,28.9,43.2,0.0,180.2,13.1,25.8,,,,,,,
57,8,65,68,Josh Morrissey,WPG,D,31,71.7,4.07,292,43,83.6,9.7,38.7,0.0,138.2,37.3,106.8,,,,,,,
58,8,64,69,Sebastian Aho,CAR,C,29,71.9,5.21,375,43,76.3,24.4,45.7,5.8,181.4,56.1,23.2,,,,,,,
59,8,49,35,Jeremy Swayman,BOS,G,,50.7,5.2,264,43,61.8,,,,,,,26.4,1347,151,2.3,0.899,,
60,8,51,36,Jakub Dobes,MTL,G,,50.7,5.17,262,41,82.3,,,,,,,31.2,1260,142,1.3,0.898,,
61,8,58,72,Sam Reinhart,FLA,RW,30,68.5,5.31,363,41,46.7,27.2,34.0,4.6,175.0,73.6,47.2,,,,,,,
62,8,53,37,Igor Shesterkin,NYR,G,,52.5,4.98,261,41,42.0,,,,,,,22.6,1351,146,2.4,0.902,,
63,8,71,71,Darren Raddysh,TOR,D,30,69.2,4.15,287,38,50.9,11.1,36.7,0.0,161.4,53.9,65.0,,,,,,,
64,9,59,41,Jesper Wallstedt,MIN,G,,47.0,5.42,255,34,59.9,,,,,,,25.1,1240,136,3.8,0.901,,"starts, Gustavsson back ~Nov"
65,9,75,73,Rasmus Andersson,VGK,D,29,72.9,3.87,282,33,108.7,10.8,23.8,0.6,155.4,33.0,149.4,,,,,,,
66,9,61,43,Lukas Dostal,ANA,G,,52.5,4.84,254,33,134.9,,,,,,,28.9,1321,155,1.3,0.895,,
67,9,63,44,Jake Oettinger,DAL,G,,49.8,5.09,253,32,25.8,,,,,,,30.5,1164,130,2.5,0.899,,
68,9,69,78,Jesper Bratt,NJD,"LW,RW",28,73.1,4.85,355,32,77.2,19.9,49.5,2.4,160.0,73.2,27.1,,,,,,,
69,9,70,79,Alex Tuch,WSH,"LW,RW",30,72.6,4.88,354,32,92.2,25.2,27.0,5.8,172.0,71.6,89.0,,,,,,,
70,9,78,75,Miro Heiskanen,DAL,D,27,64.8,4.32,280,31,69.7,7.4,40.4,0.6,128.5,18.8,110.8,,,,,,,
71,9,79,76,Brandt Clarke,LAK,D,23,72.4,3.86,280,31,105.3,8.1,31.2,0.0,140.7,24.8,146.1,,,,,,,
72,9,72,80,Timo Meier,NJD,"LW,RW",29,71.7,4.92,353,30,103.8,25.6,20.6,0.0,237.5,123.6,52.6,,,,,,,
73,9,66,45,John Gibson,DET,G,,50.7,4.94,251,30,138.9,,,,,,,25.6,1255,140,2.5,0.9,,
74,9,67,46,Spencer Knight,CHI,G,,52.5,4.77,250,30,133.1,,,,,,,19.4,1405,158,2.5,0.899,,
75,9,73,82,Juraj Slafkovský,MTL,"LW,RW",22,72.6,4.84,351,29,53.0,22.1,37.2,0.0,154.1,122.2,65.0,,,,,,,
76,9,68,48,Joel Hofer,STL,G,,48.9,5.11,250,29,126.6,,,,,,,24.7,1213,133,3.8,0.901,,
77,9,74,88,Lucas Raymond,DET,RW,24,72.9,4.82,351,29,73.7,22.6,47.6,0.3,165.5,38.5,27.8,,,,,,,
78,9,81,81,Dylan Holloway,STL,"C,LW",25,66.9,5.26,352,27,107.9,23.5,33.2,0.0,175.0,145.0,45.2,,,,,,,
79,9,83,83,Aleksander Barkov,FLA,C,31,68.4,5.24,358,27,56.9,18.4,48.0,4.1,147.6,88.8,55.1,,,,,,,
80,9,82,84,Artemi Panarin,LAK,LW,34,71.9,4.88,351,27,50.7,25.0,44.9,0.0,188.1,12.3,13.0,,,,,,,
81,9,84,86,Adam Fantilli,CBJ,C,21,73.3,4.88,358,26,99.3,25.5,29.8,0.6,198.9,116.2,47.2,,,,,,,
82,9,77,91,Mika Zibanejad,NYR,"C,RW",33,73.1,4.77,348,26,87.3,23.5,36.6,3.1,172.2,75.2,43.7,,,,,,,
83,9,88,87,John Carlson,TBL,D,36,70.1,3.9,273,25,83.8,7.9,37.1,0.0,127.5,32.3,109.0,,,,,,,
84,10,85,93,Andrei Svechnikov,CAR,"LW,RW",26,70.3,4.88,343,21,117.2,24.6,32.9,0.0,182.7,136.0,16.6,,,,,,,
85,10,76,57,Dustin Wolf,CGY,G,,48.9,4.92,241,20,139.2,,,,,,,20.6,1304,146,2.1,0.899,,
86,10,91,92,Roman Josi,NSH,D,36,63.4,4.22,268,19,77.9,9.0,32.2,0.0,146.1,30.6,99.9,,,,,,,
87,10,87,102,Beckett Sennecke,ANA,RW,20,73.3,4.65,341,18,105.1,23.2,35.7,0.9,190.3,86.8,21.5,,,,,,,
88,10,93,94,Erik Karlsson,PIT,D,36,71.7,3.71,266,17,74.1,9.3,37.7,0.0,142.7,21.4,69.0,,,,,,,
89,10,80,61,Linus Ullmark,OTT,G,,50.7,4.7,238,17,134.5,,,,,,,29.8,1104,127,2.9,0.897,,
90,10,92,96,Nico Hischier,NJD,C,27,71.7,4.86,348,17,128.9,25.7,33.0,1.2,182.7,47.9,55.3,,,,,,,
91,10,97,95,Darnell Nurse,SJS,D,31,71.9,3.68,265,16,137.2,7.0,17.3,1.5,150.6,130.9,140.6,,,,,,,
92,10,98,97,Thomas Chabot,OTT,D,29,67.1,3.94,265,16,141.7,7.7,29.1,1.3,131.0,45.1,126.7,,,,,,,
93,10,94,100,Bo Horvat,NYI,C,31,69.9,4.97,347,16,128.2,27.9,25.3,1.3,216.7,65.6,37.3,,,,,,,
94,10,95,101,Dylan Cozens,OTT,C,25,73.3,4.73,347,15,140.7,23.5,29.7,0.0,181.6,189.2,28.0,,,,,,,
95,10,89,105,Drake Batherson,OTT,"LW,RW",28,72.6,4.65,338,15,85.2,24.4,35.8,0.0,159.5,119.3,22.5,,,,,,,
96,10,90,107,Tom Wilson,WSH,RW,32,70.8,4.76,337,15,128.1,22.9,28.3,2.3,140.4,186.4,55.9,,,,,,,
97,10,102,103,Brandon Montour,SEA,D,32,68.9,3.81,262,14,118.9,11.3,20.1,0.0,179.7,77.0,84.5,,,,,,,
98,10,105,113,Brock Faber,MIN,D,24,51.9,3.79,197,14,81.4,7.1,20.1,1.1,104.1,22.3,89.4,,,,,,Y,"fractured skull, no timeline"
99,10,86,67,Stuart Skinner,WPG,G,,52.5,4.47,234,14,121.6,,,,,,,23.5,1294,154,2.3,0.894,,starter while Hellebuyck sits
100,10,103,104,Charlie McAvoy,BOS,D,28,58.9,4.45,262,14,98.7,6.8,36.0,0.3,100.6,78.0,106.0,,,,,,,suspended 5 more games
101,10,96,112,Travis Konecny,PHI,"LW,RW",29,72.2,4.6,332,9,129.6,20.5,37.8,2.2,160.4,94.5,36.1,,,,,,,
102,11,109,108,Jacob Trouba,SJS,D,32,71.9,3.58,257,9,138.4,6.7,17.7,0.6,124.7,135.9,153.3,,,,,,,
103,11,112,110,Thomas Harley,DAL,D,25,69.6,3.68,256,8,115.7,7.5,28.2,0.0,130.1,35.3,128.8,,,,,,,
104,11,100,117,Nick Schmaltz,UTA,"C,RW",30,73.3,4.5,330,7,96.0,23.6,36.2,1.2,172.6,17.8,44.3,,,,,,,
105,11,110,114,Dylan Larkin,DET,C,30,69.5,4.87,339,7,91.9,26.8,30.2,0.6,202.5,41.0,29.9,,,,,,,"upper body, trade request"
106,11,104,116,William Eklund,OTT,"LW,RW",23,71.3,4.61,328,6,137.4,19.2,40.6,1.0,161.1,60.3,45.2,,,,,,,
107,11,116,115,Filip Hronek,VAN,D,28,68.5,3.71,254,6,139.7,6.3,33.4,1.2,108.3,107.9,83.7,,,,,,,
108,11,106,120,Matthew Knies,CBJ,"LW,RW",23,71.7,4.56,327,4,118.5,20.8,36.5,0.9,138.1,148.2,32.1,,,,,,,
109,11,107,121,Rickard Rakell,PIT,"C,LW,RW",33,68.0,4.79,326,3,133.4,24.3,26.4,1.3,169.9,87.6,55.4,,,,,,,
110,11,120,118,Shayne Gostisbehere,CAR,D,33,64.3,3.91,251,3,97.8,8.1,37.5,0.0,118.5,35.4,68.4,,,,,,,
111,11,121,119,Dougie Hamilton,NJD,D,33,68.0,3.7,251,3,110.8,8.9,22.6,0.0,173.9,77.4,74.9,,,,,,,
112,11,99,74,Jake Allen,NJD,G,,45.2,4.93,223,2,136.0,,,,,,,23.2,1107,124,2.3,0.9,,
113,11,111,127,Owen Tippett,PHI,"LW,RW",27,71.9,4.5,324,1,137.0,23.4,20.8,1.8,188.7,133.9,49.3,,,,,,,
114,11,101,77,Sergei Bobrovsky,TOR,G,,45.2,4.89,221,1,93.4,,,,,,,19.7,1298,157,2.8,0.892,,
115,11,124,122,Luke Hughes,NJD,D,23,67.5,3.68,249,1,134.4,8.4,35.9,0.0,143.6,18.6,53.6,,,,,,,
116,11,125,124,Vince Dunn,SEA,D,29,68.5,3.63,249,0,128.5,9.3,28.8,0.0,151.3,25.5,76.9,,,,,,,
117,11,114,132,Porter Martone,PHI,RW,19,68.4,4.71,322,-1,68.8,23.8,27.7,0.0,196.5,91.0,22.0,,,,,,,
118,11,123,126,Sam Bennett,FLA,C,30,70.6,4.69,331,-1,136.6,23.8,26.9,0.0,193.6,116.5,33.9,,,,,,,
119,11,115,133,Jimmy Snuggerud,STL,RW,22,67.8,4.75,322,-1,135.2,22.9,32.9,0.0,168.2,66.7,37.8,,,,,,,
120,11,117,130,Alex Laferriere,LAK,"C,LW,RW",24,72.2,4.45,321,-1,146.2,20.9,21.1,1.2,186.6,188.1,42.2,,,,,,,
121,11,119,131,Alex Ovechkin,WSH,"LW,RW",41,69.4,4.62,321,-2,93.0,26.5,24.0,0.0,187.4,114.6,13.6,,,,,,,
122,11,127,128,Sidney Crosby,PIT,C,39,69.6,4.72,329,-3,53.1,22.4,40.6,0.0,150.4,60.2,32.0,,,,,,,
123,11,108,85,Joey Daccord,SEA,G,,45.2,4.79,217,-4,139.6,,,,,,,18.9,1185,134,1.9,0.898,,
124,12,122,139,Pavel Dorofeyev,NYR,"LW,RW",25,73.3,4.32,317,-6,72.3,28.6,19.7,0.0,217.5,24.5,27.9,,,,,,,
125,12,135,135,Mike Matheson,MTL,D,32,71.9,3.37,242,-6,136.0,6.1,24.3,1.5,108.5,54.3,142.9,,,,,,,
126,12,132,136,Nikolaj Ehlers,CAR,LW,30,70.3,4.52,318,-7,116.4,22.2,37.8,0.0,172.2,24.5,24.7,,,,,,,
127,12,113,89,Dan Vladar,PHI,G,,45.2,4.73,214,-7,135.9,,,,,,,24.8,1029,115,1.3,0.899,,
128,12,133,138,Leo Carlsson,ANA,C,21,69.2,4.69,324,-7,45.6,24.5,34.7,2.5,171.3,16.8,30.2,,,,,,,
129,12,118,90,Juuse Saros,NSH,G,,45.2,4.7,212,-8,105.7,,,,,,,20.1,1190,140,1.5,0.895,,
130,12,129,144,Kiefer Sherwood,SJS,"LW,RW",31,70.1,4.45,312,-11,133.5,19.4,14.5,1.3,147.9,361.4,28.4,,,,,,,
131,12,130,146,Morgan Geekie,BOS,"C,LW,RW",28,71.9,4.33,312,-11,111.9,27.0,24.6,0.0,153.8,99.4,29.2,,,,,,,
132,12,131,150,Mark Stone,VGK,RW,34,64.5,4.83,312,-11,107.1,19.2,43.1,1.7,121.9,32.6,47.0,,,,,,,
133,12,141,142,Seth Jones,FLA,D,31,62.0,3.81,236,-13,127.5,7.3,29.1,0.0,110.2,71.2,86.3,,,,,,,
134,12,142,143,Sean Walker,CAR,D,31,73.1,3.22,235,-13,141.7,7.7,15.8,1.2,145.4,111.0,101.3,,,,,,,
135,12,136,153,J.T. Miller,NYR,"C,LW,RW",33,67.8,4.56,309,-13,115.7,16.9,36.9,2.0,129.9,135.5,38.7,,,,,,,
136,12,144,147,K'Andre Miller,CAR,D,26,69.2,3.39,235,-14,135.8,6.9,25.1,1.9,115.0,98.1,85.5,,,,,,,
137,12,126,98,Jacob Markstrom,FLA,G,,45.2,4.56,206,-14,78.7,,,,,,,23.7,1072,128,2.0,0.893,,
138,12,140,148,Tomas Hertl,VGK,"C,LW",32,71.3,4.35,310,-14,145.4,22.0,27.4,0.0,164.2,98.3,44.1,,,,,,,
139,12,128,99,Mackenzie Blackwood,COL,G,,39.8,5.18,206,-15,97.5,,,,,,,24.3,932,102,2.4,0.901,,1A/1B w/ Wedgewood
140,12,145,149,Noah Hanifin,VGK,D,29,70.3,3.32,233,-15,139.6,6.7,25.0,0.0,131.4,36.5,106.7,,,,,,,
141,12,143,152,Vincent Trocheck,UTA,C,33,69.9,4.53,316,-15,132.9,16.4,30.7,3.6,131.6,193.7,57.2,,,,,,,
142,12,146,151,Bowen Byram,CHI,D,25,73.3,3.17,233,-16,115.2,7.1,31.1,0.9,94.6,52.5,90.7,,,,,,,
143,12,147,154,Victor Hedman,TBL,D,35,64.6,3.59,232,-16,90.4,6.0,30.1,0.0,113.5,34.2,98.9,,,,,,,
144,12,139,160,Bryan Rust,PIT,RW,34,65.5,4.67,306,-17,127.1,22.3,29.0,1.2,152.8,40.6,59.4,,,,,,,upper body
145,13,151,155,Jake Walman,EDM,D,30,62.7,3.69,231,-17,133.4,7.6,20.6,1.8,127.3,32.5,119.7,,,,,,,
146,13,152,156,Travis Sanheim,PHI,D,30,73.1,3.16,231,-17,140.8,6.5,21.4,2.4,96.2,53.3,142.3,,,,,,,
147,13,154,157,Justin Faulk,DET,D,34,71.5,3.22,230,-18,141.1,7.7,21.0,0.6,115.1,68.0,113.3,,,,,,,
148,13,149,158,Will Cuylle,NYR,LW,24,73.3,4.17,306,-19,,18.2,18.7,0.9,141.6,269.8,55.2,,,,,,,
149,13,134,106,Brandon Bussi,CAR,G,,41.6,4.84,202,-19,77.1,,,,,,,28.3,886,103,1.9,0.896,,1A/1B w/ Kochetkov; CAR chasing Hellebuyck
150,13,153,159,Robert Thomas,STL,C,27,66.4,4.7,312,-19,77.1,18.9,46.6,2.3,117.6,11.1,43.0,,,,,,,
151,13,137,109,Scott Wedgewood,COL,G,,36.2,5.49,199,-22,54.5,,,,,,,23.8,850,90,2.4,0.904,,1A/1B w/ Blackwood
152,13,159,162,Mattias Samuelsson,BUF,D,26,67.8,3.34,226,-22,129.7,6.1,20.7,1.8,85.0,114.7,124.2,,,,,,,
153,13,160,163,Shea Theodore,VGK,D,31,67.1,3.37,226,-22,101.4,6.8,30.9,0.0,122.0,3.3,82.9,,,,,,,
154,13,155,164,Carter Verhaeghe,FLA,LW,31,71.9,4.2,302,-22,134.2,21.9,27.6,0.0,183.6,71.1,22.1,,,,,,,
155,13,138,111,Yaroslav Askarov,SJS,G,,43.4,4.56,198,-23,128.0,,,,,,,20.5,1139,139,0.9,0.892,,
156,13,157,184,Troy Terry,ANA,RW,29,42.3,4.57,194,-23,,13.2,23.3,1.7,108.3,2.4,13.1,,,,,,Y,"hip surgery, ~late Nov"
157,13,158,166,Nazem Kadri,COL,"C,LW",35,72.2,4.16,301,-24,145.8,21.1,27.5,0.0,194.8,47.4,27.5,,,,,,,
158,13,164,167,Ivan Provorov,CBJ,D,29,73.3,3.05,224,-25,142.9,7.2,20.9,0.9,123.2,25.0,117.7,,,,,,,
159,13,174,194,Rasmus Sandin,WSH,D,26,36.3,2.98,108,-26,,2.4,12.0,0.0,41.7,42.4,59.6,,,,,,Y,"ACL, Dec-Jan"
160,13,169,168,Colton Parayko,STL,D,33,68.0,3.24,220,-28,134.1,6.2,14.2,0.7,98.8,88.2,153.9,,,,,,,
161,14,170,169,Cole Hutson,WSH,D,20,68.4,3.22,220,-28,91.8,7.8,28.8,0.0,127.1,40.7,50.3,,,,,,,
162,14,171,170,Alexander Romanov,NYI,D,26,68.4,3.21,220,-29,,5.0,13.0,0.7,95.4,137.2,149.3,,,,,,,
163,14,172,171,Sam Malinski,COL,D,28,71.9,3.05,220,-29,140.8,7.1,21.9,0.0,132.2,44.9,89.3,,,,,,,
164,14,148,123,Connor Hellebuyck,WPG,G,,38.5,4.96,191,-30,24.2,,,,,,,18.7,956,105,1.7,0.901,,"suspended by WPG, wants out; value depends on a trade"
165,14,177,173,Owen Power,BUF,D,23,72.4,3.01,218,-30,137.4,7.0,23.9,1.8,119.9,25.2,90.1,,,,,,,
166,14,150,125,Kevin Lankinen,VAN,G,,45.2,4.2,190,-31,123.5,,,,,,,15.7,1190,146,1.7,0.891,,starts until Demko returns
167,14,162,179,Alexis Lafrenière,NYR,"LW,RW",24,73.3,3.98,292,-31,142.4,20.2,29.9,0.0,146.1,86.1,32.9,,,,,,,
168,14,175,174,Quinton Byfield,LAK,C,24,72.4,4.15,300,-31,136.2,22.9,27.1,0.9,159.4,64.4,36.5,,,,,,,
169,14,182,175,Mattias Ekholm,EDM,D,36,69.4,3.12,216,-32,127.9,5.8,24.2,0.0,104.9,52.0,104.5,,,,,,,
170,14,179,177,Roope Hintz,DAL,C,29,65.2,4.58,299,-33,119.2,19.9,34.7,0.7,147.3,61.5,29.7,,,,,,,
171,14,180,178,Joel Eriksson Ek,MIN,C,29,62.2,4.8,299,-33,139.0,19.9,26.3,0.0,176.9,98.6,35.0,,,,,,,
172,14,181,181,John Tavares,TOR,C,36,71.7,4.16,298,-33,128.8,22.8,29.6,0.0,149.3,72.4,28.3,,,,,,,
173,14,183,189,Kevin Fiala,LAK,LW,30,59.1,4.35,257,-34,148.9,20.9,20.4,0.0,160.2,43.3,21.3,,,,,,Y,"leg fractures, ~Nov 1"
174,14,186,180,Morgan Rielly,TOR,D,32,72.4,2.97,215,-34,137.9,6.5,21.7,0.3,116.4,27.5,109.4,,,,,,,
175,14,156,129,Sergei Murashov,PIT,G,,38.0,4.92,187,-34,134.9,,,,,,,18.2,921,107,5.6,0.896,,open battle w/ Silovs
176,14,167,187,Aliaksei Protas,WSH,"LW,RW",25,70.6,4.09,289,-34,141.6,22.0,28.6,3.4,144.9,26.4,36.1,,,,,,,
177,14,187,182,Neal Pionk,WPG,D,31,63.1,3.4,214,-34,,6.3,17.1,0.4,113.4,123.5,92.7,,,,,,,
178,14,188,183,Martin Fehervary,WSH,D,26,72.9,2.94,214,-34,135.0,4.1,19.5,0.6,68.0,108.1,150.2,,,,,,,
179,14,168,190,Will Smith,SJS,"LW,RW",21,68.5,4.21,288,-34,64.7,21.7,33.7,0.0,159.2,14.5,13.0,,,,,,,
180,14,185,185,Logan Cooley,UTA,C,22,65.2,4.55,297,-35,120.1,22.9,30.9,1.4,135.8,60.8,30.6,,,,,,,
181,14,161,134,Ukko-Pekka Luukkonen,BUF,G,,36.2,5.12,185,-35,118.4,,,,,,,20.4,936,107,1.4,0.897,,3-way rotation
182,14,192,186,Adam Larsson,SEA,D,33,73.3,2.9,213,-36,,5.4,16.0,0.0,90.9,96.5,141.1,,,,,,,
183,14,190,188,Dylan Strome,WSH,C,29,72.9,4.05,295,-36,141.9,18.5,39.6,0.0,131.0,13.7,48.2,,,,,,,
184,14,173,197,Matvei Michkov,PHI,"LW,RW",21,72.6,3.94,286,-36,138.6,20.6,30.6,0.0,170.8,28.5,18.4,,,,,,,
185,14,195,192,Gustav Forsling,FLA,D,30,72.4,2.92,211,-37,,6.2,21.0,0.6,123.8,56.9,85.9,,,,,,,
186,14,163,137,Tristan Jarry,EDM,G,,39.8,4.61,183,-37,132.3,,,,,,,20.6,969,117,2.1,0.892,,starts until Andersen returns
187,14,197,193,Nikita Zadorov,BOS,D,31,72.9,2.89,211,-38,,4.5,16.8,0.6,92.8,183.6,93.3,,,,,,,
188,14,178,205,Gabriel Vilardi,WPG,"C,RW",27,70.8,4.02,285,-38,144.7,21.3,33.7,0.0,129.5,18.4,36.5,,,,,,,
189,14,202,196,Ryan Pulock,NYI,D,31,70.1,3.0,210,-38,,4.5,19.8,1.3,85.2,62.2,140.1,,,,,,,
190,14,165,140,Anton Forsberg,LAK,G,,38.0,4.79,182,-39,,,,,,,,16.9,923,103,2.7,0.9,,open battle w/ Kuemper
191,14,203,198,Kris Letang,PIT,D,39,69.6,3.01,210,-39,130.1,5.2,22.0,0.3,100.0,97.6,90.4,,,,,,,
192,14,204,199,Braden Schneider,NYR,D,25,72.9,2.87,209,-39,,4.6,14.3,0.6,91.0,140.8,127.1,,,,,,,
193,14,184,172,Frederik Andersen,EDM,G,,23.5,4.38,103,-39,135.7,,,,,,,11.6,572,70,0.6,0.891,Y,"knee, out to ~Dec"
194,14,198,200,Brayden Point,TBL,C,30,67.8,4.31,292,-40,85.2,22.1,33.7,0.0,145.2,14.3,30.6,,,,,,,
195,14,166,141,Carter Hart,VGK,G,,41.6,4.35,181,-40,129.6,,,,,,,22.0,904,106,0.9,0.895,,1A/1B w/ Hill
196,14,207,201,Esa Lindell,DAL,D,32,72.9,2.85,208,-40,141.8,4.4,20.4,1.2,74.7,33.2,157.6,,,,,,,
197,14,205,202,Brock Nelson,COL,C,34,72.6,4.0,291,-41,133.0,22.5,25.4,1.5,152.8,33.3,51.6,,,,,,,
198,14,189,210,John-Jason Peterka,BOS,"LW,RW",24,72.2,3.9,281,-41,139.3,23.7,28.9,0.0,150.4,18.8,16.1,,,,,,,
199,14,211,203,Jake McCabe,TOR,D,32,69.2,2.99,207,-42,137.2,3.7,17.6,0.3,65.8,100.3,157.3,,,,,,,
200,14,206,208,Blake Coleman,MIN,LW,34,70.3,4.02,283,-42,,18.6,16.4,3.5,156.9,153.4,51.9,,,,,,,
201,14,191,220,Ivan Demidov,MTL,RW,20,73.3,3.82,280,-42,86.0,16.9,41.5,0.0,123.7,25.7,23.0,,,,,,,
202,14,201,191,Thatcher Demko,VAN,G,,18.1,4.54,82,-43,133.1,,,,,,,6.7,478,56,0.8,0.895,Y,"hip, out to ~Christmas"
203,14,193,222,Jordan Kyrou,WSH,RW,28,71.0,3.94,280,-43,139.8,20.4,24.9,0.0,184.5,25.0,29.0,,,,,,,
204,14,215,209,Vladislav Gavrikov,NYR,D,30,73.3,2.8,205,-43,139.9,7.0,19.4,0.9,101.1,44.7,104.3,,,,,,,
205,14,194,223,Mathew Barzal,NYI,"C,RW",29,60.1,4.65,279,-43,138.2,15.9,37.4,0.0,139.7,25.9,38.9,,,,,,,knee
206,14,176,145,Darcy Kuemper,LAK,G,,38.0,4.67,177,-43,145.0,,,,,,,16.7,922,104,2.2,0.899,,open battle w/ Forsberg
207,14,216,211,Devon Toews,COL,D,32,68.7,2.97,204,-44,133.1,6.0,23.3,0.0,112.2,30.0,87.3,,,,,,,
208,14,214,213,Elias Pettersson,VAN,C,27,67.3,4.26,287,-45,137.7,14.8,32.4,0.6,118.4,66.3,92.8,,,,,,,
209,14,212,214,Jake DeBrusk,VAN,LW,29,73.1,3.83,280,-45,,22.7,17.4,0.0,181.7,68.7,35.0,,,,,,,
210,14,196,228,Matt Coronato,CGY,RW,23,71.7,3.87,278,-45,,21.0,24.4,0.0,182.2,25.0,25.3,,,,,,,
211,14,213,216,Jared McCann,SEA,LW,30,66.4,4.21,280,-45,,20.4,27.5,0.4,151.2,45.1,35.8,,,,,,,
212,14,199,229,Ryan Leonard,WSH,RW,21,70.1,3.96,278,-45,133.5,19.6,23.7,0.0,153.7,117.4,23.8,,,,,,,
213,14,221,215,Aaron Ekblad,FLA,D,30,65.0,3.12,203,-45,133.3,4.7,22.4,1.3,95.1,84.3,87.5,,,,,,,
214,14,222,217,Simon Edvinsson,DET,D,23,65.1,3.12,203,-46,134.7,5.4,17.3,0.9,80.5,80.1,128.8,,,,,,,unsigned RFA
215,14,218,219,Anthony Cirelli,TBL,C,29,70.3,4.06,285,-46,138.3,19.8,28.5,4.8,130.2,39.1,52.9,,,,,,,
216,14,220,221,Anton Lundell,FLA,C,24,68.5,4.16,285,-47,,18.3,26.9,3.3,146.2,86.3,41.2,,,,,,,
217,14,223,224,Ryan O'Reilly,NSH,C,35,72.4,3.92,284,-47,143.3,17.6,34.9,1.8,124.1,16.3,61.4,,,,,,,
218,14,209,238,Steven Stamkos,NSH,"C,RW",36,73.3,3.74,274,-48,123.6,24.1,18.8,0.0,148.1,72.4,35.3,,,,,,,
219,14,225,227,Mason McTavish,STL,C,23,70.3,4.03,283,-48,132.0,20.1,26.9,0.0,154.7,80.5,30.1,,,,,,,
220,14,210,234,Zach Hyman,EDM,"LW,RW",34,65.7,4.17,274,-48,101.3,24.7,18.3,0.0,165.3,59.3,20.9,,,,,,,
221,14,228,226,Luca Cagnoni,SJS,D,21,68.4,2.92,200,-49,,7.1,21.2,0.0,135.5,30.7,57.9,,,,,,,
222,14,231,231,Josh Manson,COL,D,34,64.8,3.07,199,-50,,4.6,18.6,0.3,90.6,142.4,80.8,,,,,,,
223,14,233,232,Oliver Ekman-Larsson,TOR,D,35,71.3,2.78,198,-50,134.4,5.3,23.9,0.0,92.1,86.0,69.6,,,,,,,
224,14,235,233,Brent Burns,COL,D,41,73.3,2.69,198,-51,137.8,7.5,17.5,0.0,131.3,15.1,83.6,,,,,,,
225,14,224,252,Brad Marchand,FLA,"LW,RW",38,50.8,4.25,216,-51,145.2,16.9,20.2,0.3,116.1,44.9,19.3,,,,,,Y,"surgery, ~Nov"
226,14,237,235,Mario Ferraro,WPG,D,28,72.4,2.72,197,-51,,4.9,13.1,0.3,79.7,127.2,126.9,,,,,,,
227,14,200,161,Arturs Silovs,PIT,G,,38.0,4.45,169,-52,129.3,,,,,,,18.3,917,111,1.7,0.892,,open battle w/ Murashov
228,14,217,244,Patrick Kane,CHI,RW,37,67.5,4.01,271,-52,133.3,17.3,35.0,0.0,142.9,19.9,23.2,,,,,,,
229,14,239,236,Matt Roy,WSH,D,31,69.6,2.82,197,-52,,4.0,16.5,0.0,81.0,106.9,124.0,,,,,,,
230,14,219,241,Trevor Zegras,PHI,"C,LW,RW",25,67.3,4.02,271,-52,132.0,18.6,31.8,0.0,135.1,43.9,25.6,,,,,,,
231,14,240,237,Philip Broberg,STL,D,25,69.9,2.81,196,-52,134.7,5.5,23.8,0.0,91.0,34.5,91.2,,,,,,,
232,14,238,240,Anton Frondell,CHI,C,19,68.4,4.07,278,-53,138.4,19.6,25.0,0.0,169.9,42.4,39.0,,,,,,,
233,14,242,239,Artyom Levshunov,CHI,D,20,66.9,2.91,195,-54,,4.5,23.4,0.0,88.6,93.1,73.8,,,,,,,
234,14,226,256,Eeli Tolvanen,NYR,RW,27,72.2,3.72,269,-54,,15.4,18.1,0.0,127.5,186.7,68.8,,,,,,,
235,14,208,165,Pyotr Kochetkov,CAR,G,,34.4,4.85,167,-54,139.2,,,,,,,22.8,733,85,1.8,0.896,,1A/1B w/ Bussi
236,14,227,249,Bobby McMann,SEA,"LW,RW",30,70.6,3.8,268,-54,137.7,21.9,14.3,0.0,159.1,142.6,23.6,,,,,,,
237,14,244,242,Tony DeAngelo,NYI,D,30,61.1,3.18,194,-54,,6.0,23.8,0.0,118.0,27.1,59.6,,,,,,,
238,14,245,243,Alexander Nikishin,CAR,D,24,62.9,3.08,194,-55,139.2,6.6,17.4,0.8,96.6,102.5,73.0,,,,,,,"unsigned RFA, trade request"
239,14,243,245,Shane Pinto,OTT,C,25,68.2,4.04,276,-56,,20.0,20.1,4.2,143.0,82.9,49.9,,,,,,,
240,14,230,257,Brock Boeser,VAN,"LW,RW",29,70.1,3.8,267,-56,133.6,20.3,24.0,0.6,148.3,57.7,26.9,,,,,,,
241,14,251,247,Brady Skjei,NSH,D,32,73.3,2.62,192,-56,,5.6,19.3,1.2,106.6,57.0,77.9,,,,,,,
242,14,252,248,Radko Gudas,FLA,D,36,67.1,2.86,192,-56,,3.2,10.9,0.0,63.5,205.1,123.8,,,,,,,
243,14,247,251,Boone Jenner,WSH,C,33,66.4,4.14,275,-57,,15.1,24.2,1.3,130.7,139.5,62.0,,,,,,,
244,14,256,250,Jeremy Lauzon,VGK,D,29,66.9,2.86,191,-57,,3.4,10.1,0.0,69.6,257.0,92.8,,,,,,,
245,14,232,263,Luke Evangelista,NJD,"LW,RW",24,69.9,3.8,265,-57,145.5,15.5,35.5,0.0,150.4,21.4,16.6,,,,,,,
246,14,248,253,Ivan Barbashev,VGK,LW,30,70.6,3.78,267,-58,139.0,16.9,30.4,0.0,110.2,113.8,32.3,,,,,,,
247,14,234,264,Evgeni Malkin,PIT,"C,LW,RW",40,64.1,4.13,265,-58,141.4,16.2,35.5,0.0,126.6,28.5,29.6,,,,,,,
248,14,236,268,Jackson Blake,CAR,RW,23,72.6,3.64,265,-58,140.6,20.4,25.9,0.0,154.0,13.6,29.4,,,,,,,
249,14,257,254,Alex Vlasic,CHI,D,25,73.1,2.6,190,-58,,4.2,19.7,0.9,84.3,35.5,118.9,,,,,,,
250,14,258,255,Dmitry Orlov,SJS,D,35,71.9,2.64,190,-58,,4.3,24.2,0.0,81.1,103.8,64.0,,,,,,,
251,14,260,259,Brayden McNabb,VGK,D,35,68.9,2.75,190,-59,,4.4,8.7,0.7,77.1,116.1,149.2,,,,,,,
252,14,261,260,Ben Chiarot,DET,D,35,73.1,2.59,190,-59,,4.5,7.8,0.0,84.7,138.7,137.6,,,,,,,
253,14,253,261,Pavel Zacha,BOS,"C,LW",29,72.4,3.67,266,-59,144.0,18.6,31.3,1.0,119.8,58.0,23.7,,,,,,,
254,14,255,262,Connor McMichael,STL,"C,LW",25,72.4,3.66,265,-59,135.7,17.1,28.6,0.9,143.5,39.1,38.2,,,,,,,
255,14,264,265,Cam York,PHI,D,25,67.8,2.78,188,-60,,4.4,18.3,0.0,78.3,34.8,131.7,,,,,,,
256,14,266,266,Jordan Spence,OTT,D,25,70.6,2.66,188,-61,,5.6,23.0,0.0,96.1,59.9,61.4,,,,,,,
257,14,265,271,Matty Beniers,SEA,C,23,73.3,3.68,270,-62,,18.3,25.9,0.0,139.3,31.2,64.2,,,,,,,
258,14,229,176,Alex Nedeljkovic,SJS,G,,32.6,4.87,159,-62,,,,,,,,16.2,858,100,0.9,0.896,,
259,14,270,269,Nick Seeler,PHI,D,33,71.7,2.6,186,-62,,4.1,8.4,0.0,76.7,114.1,151.6,,,,,,,
260,14,271,270,Charle-Edouard D'Astous,TBL,D,28,67.8,2.75,186,-62,,4.8,22.3,0.0,77.5,93.0,71.7,,,,,,,
261,14,249,278,Logan Stankoven,CAR,"C,RW",23,72.2,3.6,260,-63,136.0,19.3,22.1,0.0,166.7,44.5,23.3,,,,,,,
262,14,250,279,Jack Quinn,BUF,RW,25,71.5,3.63,259,-63,,18.2,26.3,0.0,153.9,42.8,21.9,,,,,,,
263,14,241,206,Filip Gustavsson,MIN,G,,22.6,5.42,123,-63,132.6,,,,,,,12.3,596,65,1.4,0.902,Y,"hip, out to ~Nov"
264,14,254,282,Vasily Podkolzin,EDM,RW,25,73.3,3.53,259,-64,,16.0,17.4,0.0,118.8,206.7,46.8,,,,,,,
265,14,274,273,Alexandre Carrier,MTL,D,29,70.6,2.62,185,-64,,3.9,16.4,0.3,61.2,46.0,150.2,,,,,,,
266,14,273,276,Ryan Nugent-Hopkins,EDM,"C,LW",33,64.1,3.66,234,-64,138.2,15.6,27.3,1.2,117.0,21.9,32.0,,,,,,Y,"lower body, ~2 wks"
267,14,278,274,Hampus Lindholm,BOS,D,32,66.4,2.75,183,-66,,5.6,19.0,0.0,97.4,12.8,97.8,,,,,,,
268,14,263,286,Artturi Lehkonen,COL,"LW,RW",31,67.5,3.79,256,-66,139.4,20.0,22.4,0.3,142.3,39.6,34.0,,,,,,,
269,14,280,275,Joel Edmundson,LAK,D,33,71.3,2.55,182,-67,,4.3,15.8,0.6,84.5,88.6,99.4,,,,,,,
270,14,282,277,Olen Zellweger,BUF,D,23,67.3,2.7,181,-67,133.8,7.0,14.2,0.0,122.1,32.6,76.2,,,,,,,
271,14,277,280,Anders Lee,UTA,LW,36,73.3,3.51,257,-67,,18.5,18.0,0.0,160.3,90.8,33.7,,,,,,,
272,14,267,290,Anthony Mantha,NJD,"LW,RW",32,72.9,3.5,255,-68,142.8,19.6,24.1,0.4,124.6,50.2,36.7,,,,,,,
273,14,285,281,Jared Spurgeon,MIN,D,36,68.9,2.62,181,-68,,4.5,15.1,0.0,75.5,66.5,121.0,,,,,,,
274,14,246,195,Nico Daws,NJD,G,,30.8,4.96,153,-68,,,,,,,,16.4,751,86,2.3,0.897,,
275,14,286,283,Adam Pelech,NYI,D,32,68.2,2.64,180,-68,,4.7,13.1,1.2,101.4,62.9,102.0,,,,,,,
276,14,281,285,Elias Lindholm,BOS,C,31,70.3,3.74,263,-68,,15.4,28.4,1.0,118.1,63.6,63.1,,,,,,,
277,14,288,284,Jamie Drysdale,PHI,D,24,69.6,2.58,180,-69,,5.9,20.9,0.0,82.8,15.5,89.6,,,,,,,
278,14,269,293,Tyler Bertuzzi,CHI,"LW,RW",31,72.6,3.49,253,-69,137.4,21.3,22.0,0.0,134.2,51.5,23.1,,,,,,,
279,14,290,287,Dylan Samberg,WPG,D,27,64.5,2.77,179,-69,,4.6,13.5,0.0,90.7,54.6,117.9,,,,,,,
280,14,292,288,Mikey Anderson,LAK,D,27,71.7,2.49,179,-70,,3.8,15.2,0.0,62.7,103.4,118.0,,,,,,,
281,14,287,291,Tyler Toffoli,SJS,C,34,71.7,3.64,261,-70,,19.5,22.9,0.0,158.7,45.7,28.6,,,,,,,
282,14,296,292,Damon Severson,CBJ,D,32,67.0,2.65,177,-71,,5.2,19.8,0.0,82.3,38.3,87.5,,,,,,,shoulder
283,14,291,295,Viktor Arvidsson,DET,LW,33,66.9,3.78,253,-72,,19.9,21.2,0.0,155.5,26.2,30.8,,,,,,,
284,14,259,204,Justus Annunen,NSH,G,,30.8,4.84,149,-72,,,,,,,,14.2,811,94,1.0,0.897,,
285,14,276,313,Ryan Hartman,MIN,RW,32,68.9,3.63,251,-72,,17.5,16.1,0.0,144.4,62.9,71.3,,,,,,,
286,14,298,294,Simon Nemec,CGY,D,22,66.9,2.64,176,-72,141.8,7.0,14.4,0.0,97.8,19.5,95.6,,,,,,,
287,14,262,207,Adin Hill,VGK,G,,34.4,4.32,148,-72,130.1,,,,,,,17.5,745,89,1.7,0.894,,1A/1B w/ Hart
288,14,302,305,Kaiden Guhle,MTL,D,24,51.1,3.06,156,-72,,3.5,11.7,0.4,59.4,105.8,96.7,,,,,,Y,adductor surgery
289,14,299,296,Connor Murphy,EDM,D,33,69.6,2.53,176,-72,,3.7,11.9,0.9,64.7,91.4,133.8,,,,,,,
290,14,294,299,Mason Marchment,SJS,LW,31,65.5,3.85,252,-73,130.7,18.0,26.0,0.0,119.7,81.7,25.4,,,,,,,
291,14,300,297,Ian Cole,CHI,D,37,73.3,2.4,176,-73,,2.6,14.1,0.9,48.2,75.6,153.8,,,,,,,
292,14,303,298,Mason Lohrei,BOS,D,25,70.1,2.5,175,-73,,4.8,21.3,0.0,75.9,26.6,90.9,,,,,,,
293,14,304,300,Parker Wotherspoon,VGK,D,29,66.6,2.63,175,-73,,3.1,18.4,1.2,56.9,123.0,89.7,,,,,,,
294,14,305,301,Rasmus Ristolainen,PHI,D,31,60.1,2.9,175,-74,,4.3,15.8,1.5,83.7,77.3,87.7,,,,,,,
295,14,309,304,Andrew Peeke,UTA,D,28,70.8,2.46,174,-74,,4.1,10.6,0.6,75.1,97.0,121.8,,,,,,,
296,14,283,316,Lawson Crouse,UTA,"LW,RW",29,72.9,3.4,248,-75,133.7,16.7,13.6,1.2,122.1,184.8,44.9,,,,,,,
297,14,268,212,Akira Schmid,FLA,G,,30.8,4.74,146,-75,,,,,,,,16.4,731,85,1.7,0.896,,
298,14,284,320,Mats Zuccarello,LAK,RW,39,65.0,3.81,248,-75,130.8,14.8,33.2,0.0,116.8,22.5,35.0,,,,,,,
299,14,311,306,Marcus Pettersson,NYR,D,30,72.4,2.39,173,-75,,3.3,16.1,0.3,58.7,71.3,124.7,,,,,,,
300,14,312,307,J.J. Moser,TBL,D,26,66.2,2.61,173,-75,136.0,5.0,17.8,1.6,85.4,48.5,78.8,,,,,,,
301,14,307,311,Mikael Granlund,ANA,C,34,68.0,3.76,256,-76,,17.1,27.2,0.4,124.0,41.5,48.5,,,,,,,
302,14,313,308,Zayne Parekh,CGY,D,20,68.4,2.52,173,-76,137.3,7.1,16.4,0.0,117.7,25.3,52.6,,,,,,,
303,14,314,309,Jacob Middleton,CGY,D,30,68.2,2.53,173,-76,,3.9,12.5,0.0,68.1,86.2,123.8,,,,,,,
304,14,272,218,Joseph Woll,PHI,G,,30.8,4.71,145,-76,135.5,,,,,,,16.4,699,79,1.3,0.899,,
305,14,315,310,Tyler Kleven,OTT,D,24,69.9,2.47,173,-76,,4.4,11.5,1.2,83.6,113.3,90.8,,,,,,,
306,14,289,319,Pavel Buchnevich,STL,"C,LW,RW",31,71.7,3.44,246,-76,139.2,16.8,27.3,0.6,125.6,31.6,33.7,,,,,,,
307,14,308,315,Gavin McKenna,TOR,LW,18,68.4,3.63,248,-77,93.7,17.0,24.4,0.0,162.5,27.4,20.5,,,,,,,"rookie, no NHL games"
308,14,320,326,Dante Fabbro,CBJ,D,28,56.2,2.36,132,-77,,3.8,7.7,0.0,58.9,51.4,100.2,,,,,,Y,broken hand
309,14,317,314,Artem Zub,OTT,D,30,64.1,2.68,172,-77,,3.8,17.3,0.6,68.6,56.1,105.8,,,,,,,knee
310,14,293,322,Valeri Nichushkin,CBJ,"LW,RW",31,62.0,3.96,245,-77,136.8,17.1,23.4,0.7,141.3,55.1,25.0,,,,,,,
311,14,319,317,Marek Alscher,FLA,D,22,69.5,2.45,171,-78,,4.5,15.3,0.6,83.2,75.8,85.5,,,,,,,
312,14,295,332,Mackie Samoskevich,SEA,RW,23,69.9,3.5,245,-78,,15.7,18.1,0.0,146.0,125.6,30.3,,,,,,,
313,14,275,225,Anthony Stolarz,TOR,G,,27.1,5.25,142,-78,131.5,,,,,,,11.6,785,88,1.3,0.9,,
314,14,297,334,Matt Duchene,DAL,"C,RW",35,67.5,3.61,244,-78,137.0,15.8,34.3,0.0,102.7,29.8,22.9,,,,,,,
315,14,324,321,Zach Whitecloud,CGY,D,29,70.6,2.4,169,-79,,3.4,11.9,0.0,63.3,112.0,117.0,,,,,,,
316,14,279,230,Philipp Grubauer,SEA,G,,30.8,4.6,141,-79,,,,,,,,12.3,805,93,0.7,0.897,,
317,14,327,323,Sean Durzi,NYR,D,27,56.2,3.0,168,-80,,4.6,19.0,0.0,77.5,35.5,85.6,,,,,,,
318,14,328,325,Louis Crevier,BUF,D,25,60.8,2.76,168,-80,,5.0,12.1,1.3,84.1,103.3,77.5,,,,,,,
319,14,321,329,Fabian Zetterlund,OTT,LW,27,73.3,3.33,244,-81,,16.3,16.1,0.0,132.3,137.1,43.6,,,,,,,
320,14,330,327,Connor Clifton,BOS,D,31,63.8,2.62,168,-81,,2.6,8.4,1.2,47.8,208.7,104.7,,,,,,,
322,14,306,344,Josh Doan,BUF,RW,24,66.2,3.65,242,-81,133.5,18.3,21.7,0.0,134.0,61.8,23.3,,,,,,,
327,14,316,356,Mathieu Olivier,CBJ,RW,29,68.5,3.49,239,-83,,14.1,12.1,0.7,99.5,243.4,55.4,,,,,,,
333,14,343,342,Sam Rinzel,CHI,D,22,60.4,2.71,163,-85,135.8,5.5,13.5,0.0,100.7,57.3,67.1,,,,,,,
339,14,323,358,Gabriel Landeskog,COL,"LW,RW",33,63.1,3.74,236,-86,136.0,15.4,20.8,0.0,130.6,90.5,33.7,,,,,,,
341,14,301,246,Alex Lyon,BUF,G,,25.3,5.31,135,-86,151.9,,,,,,,14.6,657,74,1.5,0.899,,
349,14,329,365,Jake Neighbours,STL,"LW,RW",24,70.3,3.34,235,-87,135.2,14.2,21.5,0.0,96.2,152.4,41.1,,,,,,,
351,14,310,258,Casey DeSmith,DAL,G,,26.2,5.05,132,-88,,,,,,,,15.5,614,68,1.2,0.9,,
354,14,350,361,Zach Benson,BUF,LW,21,67.8,3.47,235,-89,146.3,14.6,27.6,1.3,125.5,37.8,24.2,,,,,,,
355,14,360,362,Carter Yakemchuk,OTT,D,21,69.5,2.29,159,-89,141.1,4.8,12.0,0.6,83.7,68.8,82.1,,,,,,,
360,14,318,267,Devin Cooley,CGY,G,,27.1,4.79,130,-91,,,,,,,,10.8,724,81,0.6,0.899,,
371,14,325,272,Michael DiPietro,BOS,G,,25.3,5.05,128,-93,,,,,,,,13.5,671,78,1.1,0.896,,
378,14,386,389,Denton Mateychuk,CBJ,D,22,63.1,2.45,155,-94,133.7,5.6,15.3,0.0,74.6,25.5,80.1,,,,,,,
408,14,365,440,Igor Chernyshov,SJS,"LW,RW",20,69.5,3.24,225,-97,132.6,16.1,21.9,0.2,115.7,50.4,32.0,,,,,,,
418,14,430,429,Zeev Buium,VAN,D,20,70.6,2.12,150,-99,137.2,4.6,20.1,0.0,73.2,26.0,51.1,,,,,,,
432,14,349,289,Samuel Montembeault,MTL,G,,25.3,4.76,121,-100,,,,,,,,13.9,627,75,1.0,0.893,,
466,14,466,477,Roman Kantserov,CHI,C,22,68.4,3.33,228,-104,,17.2,18.0,0.0,158.0,27.4,20.5,,,,,,,"rookie, no NHL games"
467,14,367,302,Dennis Hildeby,TBL,G,,23.5,4.95,117,-104,,,,,,,,13.2,561,63,1.2,0.899,,
468,14,484,476,John Marino,UTA,D,29,62.0,2.33,144,-104,134.1,2.6,24.5,1.3,44.6,20.6,58.2,,,,,,,
469,14,368,303,Jordan Binnington,STL,G,,27.1,4.29,116,-104,129.8,,,,,,,11.7,667,81,1.1,0.891,,
474,14,424,502,Jack Roslovic,TOR,"C,RW",29,70.1,3.1,217,-105,129.0,18.8,15.0,0.0,134.4,33.3,24.5,,,,,,,
480,14,380,312,Daniil Tarasov,DET,G,,25.3,4.52,115,-106,,,,,,,,11.9,624,74,0.7,0.894,,
491,14,450,506,Egor Chinakhov,PIT,"LW,RW",25,59.0,3.65,215,-107,131.0,16.9,18.1,0.0,120.5,49.7,24.3,,,,,,,
496,14,396,318,Semyon Varlamov,NYI,G,,24.4,4.62,113,-108,,,,,,,,12.0,602,70,0.5,0.895,,
503,14,519,508,Drew Doughty,LAK,D,36,59.0,2.35,139,-110,130.6,3.8,13.1,1.0,71.5,44.2,67.1,,,,,,,
510,14,485,524,Tyson Foerster,PHI,"LW,RW",24,60.8,3.47,211,-111,134.7,17.9,11.7,0.0,117.5,56.4,45.3,,,,,,,
526,14,524,528,Ivar Stenberg,SJS,LW,18,68.4,3.07,210,-114,133.3,14.0,19.9,0.0,140.4,27.4,20.5,,,,,,,"rookie, no NHL games"
582,14,584,584,Ilya Protas,WSH,LW,20,68.4,2.88,197,-128,,13.5,18.8,0.0,112.7,36.9,28.0,,,,,,,
619,14,621,620,Konsta Helenius,BUF,C,20,68.4,2.85,195,-137,,13.2,18.1,0.0,113.6,43.6,26.3,,,,,,,
646,14,644,646,James Hagens,BOS,C,19,68.4,2.74,188,-144,130.0,13.6,17.3,0.0,116.0,27.7,19.5,,,,,,,
688,14,663,705,Gabe Perreault,NYR,RW,21,58.0,2.94,171,-152,128.1,12.0,16.7,0.1,90.1,33.4,25.4,,,,,,,
727,14,736,727,Viggo Bjorck,WPG,C,18,68.4,2.52,172,-159,,10.3,17.7,0.0,110.8,27.4,20.5,,,,,,,"rookie, no NHL games"
729,14,707,749,Nikita Klepov,ANA,RW,18,68.4,2.38,163,-160,,10.3,13.3,0.0,118.2,27.4,20.5,,,,,,,"rookie, no NHL games"
745,14,755,742,Alex Formenton,EDM,LW,27,68.4,2.37,162,-163,,10.3,10.3,1.4,109.4,54.7,27.4,,,,,,,"rookie, no NHL games"
888,14,896,882,Michael Misa,SJS,C,19,56.2,2.74,154,-177,131.1,10.6,16.2,0.0,78.2,17.5,28.7,,,,,,,
