player,team,gp,starts,w,sv,ga,so,sv_pct,fp,fp_pg
Adin Hill,VGK,1,1,1,18,2,0,0.900,6.40,6.40
Akira Schmid,FLA,1,1,0,28,4,0,0.875,4.40,4.40
Andrei Vasilevskiy,TBL,3,3,2,54,6,0,0.900,16.20,5.40
Anthony Stolarz,TOR,1,1,1,26,1,0,0.963,9.80,9.80
Anton Forsberg,LAK,1,1,0,20,5,0,0.800,1.00,1.00
Arturs Silovs,PIT,2,2,2,39,5,1,0.886,15.70,7.85
Arvid Soderblom,CHI,1,1,0,26,6,0,0.812,1.80,1.80
Brandon Bussi,CAR,2,2,0,41,6,0,0.872,6.30,3.15
Carter Hart,VGK,2,2,1,40,6,0,0.870,9.00,4.50
Casey DeSmith,DAL,1,1,0,24,2,0,0.923,5.20,5.20
Charlie Lindgren,WSH,1,1,0,27,2,0,0.931,6.10,6.10
Clay Stevenson,WPG,1,1,1,29,2,0,0.935,9.70,9.70
Dan Vladar,PHI,2,2,0,63,10,0,0.863,8.90,4.45
Darcy Kuemper,LAK,1,1,0,21,8,0,0.724,-1.70,-1.70
Devin Cooley,CGY,1,1,0,22,3,0,0.880,3.60,3.60
Devon Levi,EDM,2,2,2,34,8,0,0.810,8.20,4.10
Dustin Wolf,CGY,2,2,0,47,12,0,0.797,2.10,1.05
Dylan Garand,NYR,1,1,1,22,0,1,1.000,12.60,12.60
Igor Shesterkin,NYR,3,3,2,71,5,0,0.934,22.30,7.43
Ilya Sorokin,NYI,2,2,1,61,2,1,0.968,22.30,11.15
Jacob Markstrom,FLA,2,2,1,32,3,1,0.914,12.60,6.30
Jake Allen,NJD,1,1,1,23,2,0,0.920,7.90,7.90
Jake Oettinger,DAL,2,2,1,33,2,1,0.943,13.90,6.95
Jakub Dobes,MTL,2,2,1,50,8,0,0.862,10.00,5.00
Jeremy Swayman,BOS,3,3,2,74,7,1,0.914,24.20,8.07
Jesper Wallstedt,MIN,2,2,2,45,2,0,0.957,17.50,8.75
Jet Greaves,CBJ,2,2,1,50,7,0,0.877,11.00,5.50
Joel Hofer,STL,1,1,1,25,0,1,1.000,13.50,13.50
Joey Daccord,SEA,2,2,2,56,2,0,0.966,20.80,10.40
John Gibson,DET,2,2,0,43,4,0,0.915,8.90,4.45
Jordan Binnington,STL,1,1,0,30,6,0,0.833,3.00,3.00
Joseph Woll,PHI,2,2,0,78,6,0,0.929,17.40,8.70
Juuse Saros,NSH,2,2,1,56,4,0,0.933,15.80,7.90
Karel Vejmelka,UTA,2,2,1,33,3,1,0.917,12.90,6.45
Kevin Lankinen,VAN,3,3,1,70,16,0,0.824,8.00,2.67
Leevi Merilainen,VAN,2,1,1,33,2,0,0.943,10.90,5.45
Linus Ullmark,OTT,2,2,2,37,2,0,0.949,15.10,7.55
Logan Thompson,WSH,1,1,1,31,2,0,0.939,10.30,10.30
Lukas Dostal,ANA,2,2,2,56,5,0,0.918,17.80,8.90
Mackenzie Blackwood,COL,2,2,2,52,5,0,0.912,16.60,8.30
Michael DiPietro,BOS,1,1,0,26,3,0,0.897,4.80,4.80
Nico Daws,NJD,1,1,0,26,6,0,0.812,1.80,1.80
Philipp Grubauer,SEA,1,1,0,23,2,0,0.920,4.90,4.90
Pyotr Kochetkov,CAR,1,1,1,16,2,0,0.889,5.80,5.80
Samuel Ersson,OTT,1,0,0,8,1,0,0.889,1.40,1.40
Sebastian Cossa,UTA,1,1,1,18,1,0,0.947,7.40,7.40
Sergei Bobrovsky,TOR,2,2,0,47,6,0,0.887,8.10,4.05
Sergei Murashov,PIT,1,1,0,32,3,0,0.914,6.60,6.60
Spencer Knight,CHI,2,2,0,56,8,0,0.875,8.80,4.40
Stuart Skinner,WPG,2,2,1,60,6,0,0.909,15.00,7.50
Tristan Jarry,EDM,1,1,0,17,6,0,0.739,-0.90,-0.90
Ukko-Pekka Luukkonen,BUF,2,2,1,29,8,0,0.784,3.70,1.85
Yaroslav Askarov,SJS,3,3,2,75,12,0,0.862,16.50,5.50
