player,team,pos,gp,g,a,shp,sog,hit,blk,fp,fp_pg
Aaron Ekblad,FLA,D,2,0,1,0,0,2,0,3.50,1.75
Adam Edstrom,NSH,C,1,0,0,0,1,1,1,1.25,1.25
Adam Fantilli,CBJ,C,1,1,0,0,2,6,1,7.50,7.50
Adam Fox,NYR,D,3,0,3,0,2,0,2,11.00,3.67
Adam Jiricek,STL,D,1,0,0,0,2,1,1,1.75,1.75
Adam Klapka,CGY,RW,1,0,0,0,0,4,0,1.00,1.00
Adam Larsson,SEA,D,1,0,0,0,1,5,2,2.75,2.75
Adam Lowry,WPG,C,1,0,2,0,2,3,2,8.75,8.75
Adam Pelech,NYI,D,1,0,0,0,0,1,1,0.75,0.75
Adam Wilsby,NSH,D,1,0,0,0,0,0,3,1.50,1.50
Adrian Kempe,LAK,RW,1,0,0,0,3,2,0,2.00,2.00
Albert Johansson,DET,D,1,0,0,0,0,1,1,0.75,0.75
Alberts Smits,NYR,D,3,0,0,0,0,5,2,2.25,0.75
Aleksander Barkov,FLA,C,2,0,0,0,2,1,2,2.25,1.12
Alex Bump,PHI,LW,2,0,0,0,1,5,0,1.75,0.88
Alex DeBrincat,DET,RW,1,0,0,0,1,4,0,1.50,1.50
Alex Formenton,EDM,LW,2,0,1,0,2,6,1,6.00,3.00
Alex Iafallo,WPG,LW,1,0,0,0,0,1,0,0.25,0.25
Alex Killorn,ANA,LW,1,1,0,0,2,0,0,5.50,5.50
Alex Laferriere,LAK,RW,1,0,2,0,2,5,1,8.75,8.75
Alex Newhook,MTL,C,1,0,0,0,1,3,1,1.75,1.75
Alex Ovechkin,WSH,LW,1,0,1,0,1,1,1,4.25,4.25
Alex Tuch,WSH,RW,1,2,0,0,3,1,1,11.25,11.25
Alex Turcotte,LAK,C,1,0,1,0,1,2,0,4.00,4.00
Alex Vlasic,CHI,D,2,0,0,0,1,0,2,1.50,0.75
Alexander Kerfoot,NSH,C,1,0,0,0,1,1,1,1.25,1.25
Alexander Romanov,NYI,D,1,0,0,0,2,2,2,2.50,2.50
Alexander Wennberg,SJS,C,1,0,0,0,3,1,1,2.25,2.25
Alexandre Carrier,MTL,D,1,1,1,0,3,1,1,9.75,9.75
Alexandre Texier,MTL,LW,1,0,0,0,0,2,1,1.00,1.00
Alexey Toropchenko,STL,RW,1,0,0,0,0,1,0,0.25,0.25
Alexis Lafrenière,NYR,LW,3,0,0,0,4,5,0,3.25,1.08
Aliaksei Protas,WSH,LW,1,0,1,0,2,0,1,4.50,4.50
Amadeus Lombardi,NJD,C,1,0,0,0,0,0,0,0.00,0.00
Anders Lee,UTA,LW,1,1,0,0,4,1,1,7.25,7.25
Andre Lee,LAK,LW,1,0,0,0,1,1,0,0.75,0.75
Andrei Svechnikov,CAR,RW,2,0,1,0,8,10,2,10.50,5.25
Andrew Copp,DET,C,1,0,0,0,1,1,1,1.25,1.25
Andrew Mangiapane,CHI,LW,1,0,0,0,1,1,0,0.75,0.75
Andrew Peeke,UTA,D,1,0,1,0,0,2,2,4.50,4.50
Anthony Beauvillier,WSH,RW,1,0,0,0,3,1,0,1.75,1.75
Anthony Cirelli,TBL,C,1,0,0,0,3,1,2,2.75,2.75
Anthony Duclair,NYI,LW,1,0,0,0,4,0,1,2.50,2.50
Anthony Mantha,NJD,RW,1,0,0,0,1,0,0,0.50,0.50
Anthony-John (AJ) Greer,ANA,LW,1,0,1,0,4,2,1,6.00,6.00
Anton Frondell,CHI,C,2,0,0,0,4,2,1,3.00,1.50
Anton Johansson,DET,D,1,0,0,0,0,1,1,0.75,0.75
Anton Lundell,FLA,C,2,0,1,0,6,5,1,7.75,3.88
Arber Xhekaj,MTL,D,1,0,0,0,0,0,1,0.50,0.50
Arseny Gritsyuk,NJD,RW,1,0,0,0,2,1,2,2.25,2.25
Arshdeep Bains,VAN,LW,2,1,1,0,1,0,2,9.00,4.50
Artemi Panarin,LAK,LW,1,1,0,0,2,0,0,5.50,5.50
Arttu Hyry,DAL,RW,1,0,0,0,1,4,0,1.50,1.50
Artturi Lehkonen,COL,LW,1,2,0,0,3,2,2,12.00,12.00
Artyom Levshunov,CHI,D,2,0,0,0,2,2,1,2.00,1.00
Auston Matthews,TOR,C,2,0,0,0,4,1,1,2.75,1.38
Axel Sandin-Pellikka,DET,D,1,0,0,0,2,1,1,1.75,1.75
Barclay Goodrow,SJS,C,1,0,0,0,0,1,1,0.75,0.75
Barrett Hayton,UTA,C,1,0,0,0,4,0,1,2.50,2.50
Beck Malenstyn,BUF,LW,1,0,0,0,1,4,1,2.00,2.00
Beckett Sennecke,ANA,RW,1,1,0,0,1,2,0,5.50,5.50
Ben Chiarot,DET,D,1,0,0,0,1,3,2,2.25,2.25
Berkly Catton,SEA,C,1,0,0,0,1,0,0,0.50,0.50
Blake Coleman,MIN,LW,1,1,0,0,2,1,1,6.25,6.25
Blake Lizotte,PIT,C,1,0,0,0,4,0,1,2.50,2.50
Bo Groulx,TOR,C,1,0,0,0,1,3,0,1.25,1.25
Bo Horvat,NYI,C,1,0,1,1,4,1,0,7.25,7.25
Bobby Brink,MIN,RW,1,0,1,0,2,1,0,4.25,4.25
Bobby McMann,SEA,C,1,0,0,0,3,1,0,1.75,1.75
Bokondji Imama,FLA,LW,2,0,0,0,0,8,0,2.00,1.00
Boone Jenner,WSH,C,1,0,0,0,3,0,2,2.50,2.50
Bowen Byram,CHI,D,2,0,0,0,0,0,3,1.50,0.75
Brad Lambert,WPG,C,1,0,0,0,0,1,0,0.25,0.25
Braden Schneider,NYR,D,3,0,0,0,6,8,4,7.00,2.33
Brady Skjei,NSH,D,1,0,0,0,0,2,1,1.00,1.00
Brady Tkachuk,FLA,LW,2,0,0,0,5,9,1,5.25,2.62
Braeden Bowman,VGK,RW,2,1,0,0,4,0,1,7.00,3.50
Brandon Carlo,STL,D,1,0,0,0,0,1,1,0.75,0.75
Brandon Duhaime,TOR,LW,2,0,0,0,2,6,4,4.50,2.25
Brandon Hagel,TBL,LW,1,0,0,0,3,1,0,1.75,1.75
Brandon Montour,SEA,D,1,0,0,0,4,0,2,3.00,3.00
Brandt Clarke,LAK,D,1,0,0,0,1,0,2,1.50,1.50
Brayden McNabb,VGK,D,2,0,3,0,1,2,3,11.50,5.75
Brayden Point,TBL,C,1,0,1,0,1,0,1,4.00,4.00
Brayden Schenn,NYI,C,1,0,0,0,1,3,0,1.25,1.25
Brendan Gallagher,VAN,RW,2,0,0,0,1,4,1,2.00,1.00
Brenden Dillon,NJD,D,1,0,0,0,0,1,1,0.75,0.75
Brent Burns,COL,D,1,0,1,0,0,1,1,3.75,3.75
Brett Howden,VGK,C,2,0,1,0,6,3,0,6.75,3.38
Brett Kulak,COL,D,1,0,0,0,0,0,1,0.50,0.50
Brett Pesce,NJD,D,1,0,0,0,0,0,0,0.00,0.00
Brian Dumoulin,LAK,D,1,1,0,0,2,0,2,6.50,6.50
Brock Boeser,VAN,RW,2,1,2,0,3,2,0,12.50,6.25
Brock Nelson,COL,C,1,1,2,0,1,0,0,11.00,11.00
Cale Makar,COL,D,1,0,2,0,1,0,3,8.00,8.00
Calum Ritchie,NYI,C,1,0,0,0,2,2,1,2.00,2.00
Cam Fowler,STL,D,1,0,0,0,2,0,1,1.50,1.50
Cam York,PHI,D,2,0,0,0,2,2,4,3.50,1.75
Carl Grundstrom,PHI,RW,2,0,0,0,2,6,2,3.50,1.75
Carson Soucy,CBJ,D,1,0,0,0,2,2,2,2.50,2.50
Carter Verhaeghe,FLA,C,2,0,1,0,1,1,1,4.25,2.12
Casey Cizikas,NYI,C,1,0,0,0,0,2,0,0.50,0.50
Casey Mittelstadt,BOS,C,2,0,0,0,5,1,0,2.75,1.38
Chandler Stephenson,SEA,C,1,1,0,0,2,0,0,5.50,5.50
Charle-Edouard D'Astous,TBL,D,1,0,0,0,0,2,2,1.50,1.50
Charles Alexis Legault,CAR,D,2,0,0,0,2,3,2,2.75,1.38
Charlie Coyle,CBJ,C,1,0,3,0,0,2,1,10.00,10.00
Chris Kreider,MTL,LW,1,0,0,0,1,3,0,1.25,1.25
Chris Tanev,TOR,D,2,0,0,0,1,0,6,3.50,1.75
Christian Dvorak,PHI,C,2,0,0,0,3,3,3,3.75,1.88
Clayton Keller,UTA,RW,1,0,2,0,4,0,1,8.50,8.50
Cody Ceci,LAK,D,1,0,1,1,1,0,1,6.00,6.00
Cody Glass,NJD,C,1,0,0,0,3,1,0,1.75,1.75
Cole Caufield,MTL,RW,1,0,0,0,3,3,0,2.25,2.25
Cole Hutson,WSH,D,1,1,0,0,3,1,2,7.25,7.25
Cole Perfetti,WPG,C,1,0,1,0,4,3,1,6.25,6.25
Cole Sillinger,CBJ,C,1,1,0,0,3,1,0,6.25,6.25
Cole Smith,CHI,RW,2,0,0,0,2,4,0,2.00,1.00
Collin Graf,SJS,RW,1,0,0,0,0,1,1,0.75,0.75
Colton Dach,EDM,C,2,0,0,0,4,4,1,3.50,1.75
Colton Parayko,STL,D,1,0,1,0,2,0,3,5.50,5.50
Colton Sissons,TOR,C,2,1,0,0,2,6,3,8.50,4.25
Connor Clifton,BOS,D,2,0,0,0,4,5,2,4.25,2.12
Connor Dewar,PIT,C,1,0,0,0,0,4,1,1.50,1.50
Connor McDavid,EDM,C,2,1,6,1,3,1,2,27.25,13.62
Connor McMichael,STL,LW,1,0,1,0,1,0,0,3.50,3.50
Connor Murphy,EDM,D,2,0,0,0,3,1,10,6.75,3.38
Connor Zary,CGY,C,1,0,1,0,1,0,0,3.50,3.50
Conor Garland,CBJ,RW,1,0,0,0,0,1,1,0.75,0.75
Conor Geekie,TBL,C,1,0,0,0,0,3,0,0.75,0.75
Curtis Douglas,SEA,C,1,0,0,0,0,4,0,1.00,1.00
Cutter Gauthier,ANA,LW,1,0,1,0,5,4,1,7.00,7.00
Daemon Hunt,MIN,D,1,0,0,0,0,1,0,0.25,0.25
Dalibor Dvorsky,STL,RW,1,1,0,0,2,1,0,5.75,5.75
Daniil But,UTA,LW,1,1,0,0,1,3,0,5.75,5.75
Danila Yurov,MIN,RW,1,0,1,0,1,3,0,4.25,4.25
Danton Heinen,CBJ,LW,1,0,0,0,2,0,3,2.50,2.50
Darnell Nurse,SJS,D,1,0,0,0,0,2,5,3.00,3.00
Darren Raddysh,TOR,D,2,0,0,0,7,0,3,5.00,2.50
David Pastrnak,BOS,RW,2,0,2,0,8,1,1,10.75,5.38
Dawson Mercer,NJD,C,1,0,0,0,3,1,0,1.75,1.75
Declan Carlile,PIT,D,1,0,1,0,2,1,0,4.25,4.25
Declan Chisholm,NJD,D,1,0,0,0,2,0,2,2.00,2.00
Denton Mateychuk,CBJ,D,1,0,1,0,2,0,0,4.00,4.00
Devon Toews,COL,D,1,0,2,0,0,1,0,6.25,6.25
Dmitri Simashev,UTA,D,1,0,1,0,2,0,0,4.00,4.00
Dmitri Voronkov,CBJ,LW,1,0,1,0,0,4,0,4.00,4.00
Dmitry Kulikov,FLA,D,2,0,1,0,0,2,3,5.00,2.50
Dmitry Orlov,SJS,D,1,0,0,0,1,1,3,2.25,2.25
Dougie Hamilton,NJD,D,1,1,0,0,6,3,1,8.75,8.75
Drew Doughty,LAK,D,1,0,1,0,1,0,2,4.50,4.50
Drew O'Connor,VAN,LW,2,0,1,0,3,4,3,7.00,3.50
Dylan DeMelo,WPG,D,1,1,0,0,1,0,1,5.50,5.50
Dylan Guenther,UTA,RW,1,2,0,0,5,0,0,11.50,11.50
Dylan Holloway,STL,LW,1,0,0,0,1,1,1,1.25,1.25
Dylan Samberg,WPG,D,1,0,0,0,1,0,3,2.00,2.00
Dylan Strome,WSH,C,1,0,2,0,2,0,1,7.50,7.50
Easton Cowan,TOR,RW,2,1,2,0,4,3,0,13.25,6.62
Eeli Tolvanen,NYR,RW,3,2,0,0,4,7,2,13.75,4.58
Eetu Luostarinen,FLA,C,2,2,0,0,4,4,1,12.50,6.25
Egor Chinakhov,PIT,RW,1,1,0,0,3,1,0,6.25,6.25
Elias Lindholm,BOS,C,2,1,1,0,5,2,1,11.00,5.50
Elias Pettersson,VAN,C,2,2,2,0,3,8,2,19.50,9.75
Elias Pettersson,VAN,D,2,0,0,0,2,3,5,4.25,2.12
Elmer Soderblom,PIT,LW,1,0,0,0,0,2,0,0.50,0.50
Emil Andrae,CBJ,D,1,0,1,0,0,1,1,3.75,3.75
Emil Heineman,NYI,LW,1,1,0,1,1,3,0,7.75,7.75
Emmitt Finnie,DET,C,1,0,0,0,1,2,0,1.00,1.00
Eric Robinson,CAR,LW,2,0,0,0,0,7,0,1.75,0.88
Erik Cernak,TBL,D,1,0,0,0,1,5,0,1.75,1.75
Erik Gudbranson,CBJ,D,1,0,0,0,0,0,3,1.50,1.50
Erik Haula,LAK,LW,1,0,1,1,3,0,0,6.50,6.50
Erik Karlsson,PIT,D,1,0,1,0,3,0,1,5.00,5.00
Esa Lindell,DAL,D,1,0,0,0,1,2,3,2.50,2.50
Evan Bouchard,EDM,D,2,4,4,0,10,2,3,37.00,18.50
Evan Rodrigues,NJD,C,1,0,0,0,1,2,0,1.00,1.00
Evgeni Malkin,PIT,C,1,1,0,0,2,0,0,5.50,5.50
Fedor Svechkov,COL,C,1,0,0,0,0,1,1,0.75,0.75
Filip Forsberg,NSH,LW,1,0,1,0,2,2,0,4.50,4.50
Filip Hallander,PIT,C,1,1,2,1,3,1,0,14.25,14.25
Filip Hronek,VAN,D,2,0,4,0,3,0,6,16.50,8.25
Frank Nazar,CHI,C,2,0,0,0,3,1,0,1.75,0.88
Frank Vatrano,ANA,RW,1,0,0,0,0,0,0,0.00,0.00
Fraser Minten,BOS,C,2,1,1,0,4,2,0,10.00,5.00
Freddy Gaudreau,SEA,C,1,1,0,0,2,0,2,6.50,6.50
Gabe Perreault,NYR,RW,3,1,1,0,3,2,3,11.00,3.67
Gabriel Landeskog,COL,LW,1,1,0,0,1,0,1,5.50,5.50
Gabriel Vilardi,WPG,C,1,0,1,0,1,0,0,3.50,3.50
Gage Goncalves,TBL,C,1,0,0,0,0,1,0,0.25,0.25
Garnet Hathaway,FLA,RW,2,0,0,0,0,7,0,1.75,0.88
Gavin McKenna,TOR,LW,2,0,0,0,2,0,0,1.00,0.50
Gustav Forsling,FLA,D,1,1,0,0,2,3,2,7.25,7.25
Hampus Lindholm,BOS,D,2,1,1,0,2,0,3,10.00,5.00
Hendrix Lapierre,PIT,C,1,1,1,0,1,4,0,9.00,9.00
Ian Cole,CHI,D,2,0,0,0,0,0,2,1.00,0.50
Igor Chernyshov,SJS,LW,1,0,0,0,1,0,1,1.00,1.00
Ilya Mikheyev,TBL,RW,1,0,1,0,0,0,1,3.50,3.50
Ilya Protas,WSH,LW,1,0,1,0,0,0,0,3.00,3.00
Isaac Howard,EDM,LW,2,0,1,0,4,1,0,5.25,2.62
Isak Rosén,WPG,RW,1,0,0,0,1,0,2,1.50,1.50
Ivan Barbashev,VGK,LW,2,0,2,0,2,6,0,8.50,4.25
Ivan Demidov,MTL,RW,1,0,0,0,1,2,0,1.00,1.00
Ivar Stenberg,SJS,LW,1,0,0,0,0,0,0,0.00,0.00
J.J. Moser,TBL,D,1,0,0,0,0,1,2,1.25,1.25
J.T. Compher,DET,LW,1,0,0,0,1,0,0,0.50,0.50
J.T. Miller,NYR,C,3,0,0,0,5,6,2,5.00,1.67
JJ Peterka,BOS,RW,2,2,0,0,6,0,1,12.50,6.25
Jaccob Slavin,CAR,D,2,0,0,0,5,1,4,4.75,2.38
Jack Drury,NSH,C,1,0,0,0,0,1,1,0.75,0.75
Jack Eichel,VGK,C,2,1,4,0,4,1,1,19.25,9.62
Jack Hughes,NJD,C,1,1,0,0,5,0,0,7.00,7.00
Jack McBain,UTA,C,1,0,0,0,0,4,0,1.00,1.00
Jack Quinn,BUF,RW,1,1,0,0,4,1,0,6.75,6.75
Jack Roslovic,TOR,C,2,0,1,0,4,2,1,6.00,3.00
Jackson Blake,CAR,RW,2,0,1,0,5,0,2,6.50,3.25
Jackson LaCombe,ANA,D,1,0,1,0,2,1,2,5.25,5.25
Jacob Melanson,SEA,RW,1,0,0,0,1,3,1,1.75,1.75
Jacob Middleton,CGY,D,1,0,0,0,2,3,0,1.75,1.75
Jacob Trouba,SJS,D,1,0,0,0,2,3,1,2.25,2.25
Jaden Schwartz,COL,LW,1,0,2,0,1,2,0,7.00,7.00
Jake Christiansen,CBJ,D,1,0,0,0,0,2,1,1.00,1.00
Jake DeBrusk,VAN,LW,2,0,1,0,4,1,0,5.25,2.62
Jake Evans,MTL,C,1,0,0,0,1,3,1,1.75,1.75
Jake Guentzel,TBL,C,1,0,0,0,3,0,0,1.50,1.50
Jake McCabe,TOR,D,2,0,0,0,2,2,5,4.00,2.00
Jake Neighbours,STL,LW,1,0,0,0,1,1,0,0.75,0.75
Jake Walman,EDM,D,2,0,0,0,2,0,4,3.00,1.50
Jakob Chychrun,WSH,D,1,1,1,0,3,0,1,9.50,9.50
Jalen Chatfield,CAR,D,2,0,0,0,0,2,3,2.00,1.00
James Hagens,BOS,C,2,1,0,0,2,2,2,7.00,3.50
Jamie Benn,DAL,LW,1,0,0,0,0,1,0,0.25,0.25
Jamie Drysdale,PHI,D,2,0,0,0,1,1,7,4.25,2.12
Jamie Oleksiak,VAN,D,2,1,2,0,1,5,4,14.25,7.12
Jansen Harkins,TBL,C,1,0,0,0,1,5,0,1.75,1.75
Jared McCann,SEA,LW,1,0,3,0,4,0,0,11.00,11.00
Jared Spurgeon,MIN,D,1,0,1,0,1,1,3,5.25,5.25
Jaroslav Chmelar,NYR,RW,2,0,0,0,2,3,0,1.75,0.88
Jason Robertson,DAL,LW,1,0,0,0,2,0,0,1.00,1.00
Jayden Struble,MTL,D,1,0,0,0,0,2,0,0.50,0.50
Jean-Gabriel Pageau,NYI,C,1,0,0,0,1,2,0,1.00,1.00
Jeff Malott,ANA,LW,1,1,0,0,1,5,1,6.75,6.75
Jeff Viel,TBL,LW,1,0,0,0,1,4,0,1.50,1.50
Jeremy Lauzon,VGK,D,2,0,0,0,6,4,3,5.50,2.75
Jesper Bratt,NJD,LW,1,0,1,0,6,0,0,6.00,6.00
Jimmy Snuggerud,STL,RW,1,1,1,0,4,0,1,10.00,10.00
Jiri Kulich,BUF,C,1,0,0,0,1,1,0,0.75,0.75
Joel Armia,LAK,RW,1,1,0,1,2,0,1,8.00,8.00
Joel Edmundson,LAK,D,1,0,0,0,1,1,0,0.75,0.75
Joel Eriksson Ek,MIN,C,1,0,0,0,3,1,0,1.75,1.75
Joel Farabee,CGY,LW,1,0,0,0,1,1,2,1.75,1.75
Joel Kiviranta,DAL,LW,1,0,0,0,2,1,1,1.75,1.75
John Carlson,TBL,D,1,0,0,0,4,1,2,3.25,3.25
John Marino,UTA,D,1,0,0,0,1,0,0,0.50,0.50
John Tavares,TOR,C,2,0,1,0,5,1,3,7.25,3.62
Jonas Brodin,MIN,D,1,0,0,0,0,0,5,2.50,2.50
Jonas Siegenthaler,NJD,D,1,0,0,0,0,0,2,1.00,1.00
Jonatan Berggren,STL,RW,1,0,0,0,0,1,0,0.25,0.25
Jonathan Aspirot,BOS,D,2,0,0,0,3,3,4,4.25,2.12
Jonathan Lekkerimaki,VAN,RW,2,1,1,0,2,0,0,8.50,4.25
Jonathan Marchessault,NSH,RW,1,0,0,0,0,0,0,0.00,0.00
Jordan Eberle,SEA,RW,1,1,0,0,4,0,0,6.50,6.50
Jordan Greenway,CHI,LW,2,1,0,0,6,5,2,9.75,4.88
Jordan Kyrou,WSH,RW,1,0,0,0,2,0,0,1.00,1.00
Jordan Martinook,CAR,LW,2,0,0,0,2,5,0,2.25,1.12
Jordan Staal,CAR,C,2,0,0,0,3,11,1,4.75,2.38
Joseph Veleno,NYR,C,3,0,0,0,1,7,5,4.75,1.58
Josh Anderson,MTL,RW,1,1,1,0,3,4,0,10.00,10.00
Josh Doan,BUF,RW,1,0,0,0,3,2,0,2.00,2.00
Josh Mahura,SEA,D,1,0,0,0,0,1,4,2.25,2.25
Josh Manson,COL,D,1,0,1,0,1,1,1,4.25,4.25
Josh Morrissey,WPG,D,1,0,0,0,4,0,2,3.00,3.00
Josh Norris,BUF,C,1,0,0,0,1,2,1,1.50,1.50
Josh Samanski,EDM,C,1,0,0,0,0,0,0,0.00,0.00
Judd Caulfield,ANA,RW,1,0,0,0,0,2,0,0.50,0.50
Juraj Slafkovský,MTL,LW,1,0,0,0,2,0,0,1.00,1.00
Justin Faulk,DET,D,1,0,0,0,1,2,0,1.00,1.00
Justin Hryckowian,DAL,C,1,0,0,0,1,2,0,1.00,1.00
Justin Sourdif,WSH,C,1,0,0,0,0,0,0,0.00,0.00
K'Andre Miller,CAR,D,2,0,1,0,0,1,5,5.75,2.88
Kaapo Kakko,SEA,RW,1,1,1,0,1,0,1,8.50,8.50
Kaedan Korczak,PIT,D,1,0,2,0,3,1,2,8.75,8.75
Kasperi Kapanen,EDM,RW,2,1,1,1,4,5,1,13.25,6.62
Keegan Kolesar,DET,RW,1,0,0,0,0,4,1,1.50,1.50
Kent Johnson,CBJ,C,1,0,1,0,1,0,0,3.50,3.50
Kevin Bahl,CGY,D,1,0,0,0,1,0,1,1.00,1.00
Kevin Stenlund,UTA,C,1,0,1,0,0,0,1,3.50,3.50
Kiefer Sherwood,SJS,LW,1,0,0,0,1,8,0,2.50,2.50
Kirby Dach,MTL,C,1,0,1,0,1,2,0,4.00,4.00
Kirill Kaprizov,MIN,LW,1,1,0,0,3,1,0,6.25,6.25
Kirill Marchenko,TOR,RW,2,0,1,0,7,6,0,8.00,4.00
Konsta Helenius,BUF,C,1,1,0,0,2,2,0,6.00,6.00
Kris Letang,PIT,D,1,0,1,0,4,2,0,5.50,5.50
Kyle Connor,WPG,LW,1,1,1,0,9,1,2,13.25,13.25
Kyle Palmieri,NYI,C,1,0,0,0,4,1,1,2.75,2.75
Lane Hutson,MTL,D,1,0,0,0,0,0,1,0.50,0.50
Lars Eller,FLA,C,2,0,1,0,3,2,2,6.00,3.00
Lawson Crouse,UTA,LW,1,0,1,0,1,4,0,4.50,4.50
Leo Carlsson,ANA,C,1,1,1,0,1,0,1,8.50,8.50
Leon Draisaitl,EDM,C,2,2,2,0,10,0,0,20.00,10.00
Liam Ohgren,VAN,LW,2,0,2,0,2,1,3,8.75,4.38
Lian Bichsel,DAL,D,1,0,0,0,0,3,1,1.25,1.25
Linus Karlsson,VAN,C,2,0,1,0,3,0,1,5.00,2.50
Logan Cooley,UTA,C,1,0,1,0,0,4,1,4.50,4.50
Logan Stankoven,CAR,C,2,1,0,0,4,3,0,7.25,3.62
Logan Stanley,NYI,D,1,0,0,0,0,3,1,1.25,1.25
Louis Crevier,BUF,D,1,0,0,0,1,0,2,1.50,1.50
Luca Cagnoni,SJS,D,1,1,1,0,3,0,3,10.50,10.50
Lucas Raymond,DET,LW,1,0,0,0,2,1,0,1.25,1.25
Luke Evangelista,NJD,RW,1,0,1,0,4,1,1,5.75,5.75
Luke Hughes,NJD,D,1,1,0,0,5,0,0,7.00,7.00
Luke Schenn,VAN,D,2,0,1,0,2,4,0,5.00,2.50
MacKenzie Weegar,UTA,D,1,0,0,0,2,7,1,3.25,3.25
Macklin Celebrini,SJS,C,1,0,3,1,7,0,1,15.00,15.00
Maksim Tsyplakov,CGY,RW,1,0,0,0,1,0,0,0.50,0.50
Marat Khusnutdinov,BOS,C,2,0,1,0,0,1,1,3.75,1.88
Marc Gatcomb,VGK,C,2,0,1,0,4,10,0,7.50,3.75
Marco Kasper,DET,C,1,0,0,0,4,1,0,2.25,2.25
Marco Rossi,VAN,C,2,3,1,0,5,2,0,19.50,9.75
Marcus Foligno,MIN,LW,1,0,0,0,1,2,0,1.00,1.00
Marcus Pettersson,NYR,D,3,0,0,0,3,1,8,5.75,1.92
Mario Ferraro,WPG,D,1,1,0,0,3,1,3,7.75,7.75
Mark Jankowski,CAR,LW,2,0,0,0,0,2,2,1.50,0.75
Mark Kastelic,BOS,C,2,1,1,0,2,6,4,12.00,6.00
Mark Scheifele,WPG,C,1,0,0,0,0,0,0,0.00,0.00
Mark Stone,VGK,RW,2,1,0,0,1,5,1,6.75,3.38
Martin Fehervary,WSH,D,1,0,0,0,1,1,5,3.25,3.25
Martin Necas,COL,C,1,0,1,0,4,1,0,5.25,5.25
Martin Pospisil,CGY,C,1,0,0,0,2,4,0,2.00,2.00
Mason Appleton,DET,C,1,0,0,0,1,4,0,1.50,1.50
Mason Lohrei,BOS,D,2,0,2,0,0,0,0,6.00,3.00
Mason Marchment,SJS,LW,1,1,0,0,4,3,0,7.25,7.25
Mason McTavish,STL,C,1,1,0,0,3,2,0,6.50,6.50
Mathieu Joseph,EDM,RW,2,0,1,0,2,10,3,8.00,4.00
Mathieu Olivier,CBJ,RW,1,1,0,0,3,3,0,6.75,6.75
Matias Maccelli,NYI,LW,1,0,0,0,1,1,0,0.75,0.75
Mats Zuccarello,LAK,RW,1,0,0,0,0,0,0,0.00,0.00
Matt Boldy,MIN,LW,1,0,0,0,5,0,0,2.50,2.50
Matt Coronato,CGY,RW,1,0,0,0,1,0,0,0.50,0.50
Matt Rempe,NYR,C,1,0,0,0,1,6,0,2.00,2.00
Matt Roy,WSH,D,1,0,0,0,0,3,5,3.25,3.25
Matthew Grzelcyk,BUF,D,1,0,0,0,0,0,1,0.50,0.50
Matthew Knies,CBJ,LW,1,2,1,0,4,0,0,14.00,14.00
Matthew Schaefer,NYI,D,1,0,0,0,3,0,1,2.00,2.00
Matthew Tkachuk,FLA,LW,2,1,0,0,4,3,1,7.75,3.88
Matthew Wood,NSH,RW,1,0,0,0,0,2,1,1.00,1.00
Mattias Ekholm,EDM,D,2,0,0,0,2,2,0,1.50,0.75
Mattias Samuelsson,BUF,D,1,1,0,0,1,0,0,5.00,5.00
Matty Beniers,SEA,C,1,1,1,0,1,2,2,9.50,9.50
Matvei Gridin,CGY,RW,1,0,0,0,0,0,0,0.00,0.00
Matvei Michkov,PHI,RW,2,0,0,0,2,0,2,2.00,1.00
Mavrik Bourque,NSH,C,1,0,0,0,4,2,0,2.50,2.50
Max Jones,EDM,LW,2,0,0,0,3,7,0,3.25,1.62
Max Sasson,VAN,C,2,1,1,0,2,0,2,9.50,4.75
Maxim Shabanov,MIN,RW,1,0,0,0,0,0,0,0.00,0.00
Michael Brandsegg-Nygård,DET,RW,1,0,0,0,3,2,0,2.00,2.00
Michael Carcone,UTA,LW,1,1,1,0,2,6,0,10.00,10.00
Michael Kesselring,SJS,D,1,0,0,0,1,0,1,1.00,1.00
Michael McCarron,MIN,C,1,0,1,0,4,6,0,6.50,6.50
Michael Misa,SJS,C,1,0,0,0,4,1,0,2.25,2.25
Michael Rasmussen,DET,C,1,0,0,0,0,1,0,0.25,0.25
Mika Zibanejad,NYR,C,3,1,1,0,6,5,3,13.25,4.42
Mikael Backlund,CGY,C,1,0,0,0,1,1,0,0.75,0.75
Mikael Granlund,ANA,C,1,0,1,0,0,0,0,3.00,3.00
Mike Matheson,MTL,D,1,0,1,0,3,0,2,5.50,5.50
Mikey Anderson,LAK,D,1,0,1,1,2,1,2,7.25,7.25
Mikhail Sergachev,UTA,D,1,0,1,0,3,3,2,6.25,6.25
Mikko Rantanen,DAL,RW,1,0,0,0,1,1,0,0.75,0.75
Miro Heiskanen,DAL,D,1,0,0,0,1,0,4,2.50,2.50
Mitch Marner,VGK,RW,2,0,1,0,5,1,1,6.25,3.12
Morgan Barron,WPG,C,1,0,1,0,2,1,2,5.25,5.25
Morgan Frost,CGY,C,1,0,0,0,2,0,0,1.00,1.00
Morgan Geekie,BOS,C,2,0,1,0,1,7,0,5.25,2.62
Morgan Rielly,TOR,D,2,0,2,0,2,2,1,8.00,4.00
Moritz Seider,DET,D,1,0,0,0,2,0,3,2.50,2.50
Nate Danielson,DET,C,1,0,0,0,1,1,0,0.75,0.75
Nate Schmidt,UTA,D,1,0,1,0,0,2,0,3.50,3.50
Nathan MacKinnon,COL,C,1,2,0,0,8,2,0,13.50,13.50
Nazem Kadri,COL,C,1,0,2,0,2,1,0,7.25,7.25
Neal Pionk,WPG,D,1,0,0,0,2,1,1,1.75,1.75
Nic Dowd,VGK,C,2,0,1,0,1,4,0,4.50,2.25
Nick Foligno,MIN,LW,1,1,0,0,2,0,0,5.50,5.50
Nick Lardis,CHI,LW,2,0,0,0,2,1,2,2.25,1.12
Nick Paul,TOR,LW,2,0,1,0,1,3,2,5.25,2.62
Nick Perbix,NSH,D,1,0,0,0,0,0,3,1.50,1.50
Nick Robertson,PIT,LW,1,2,0,1,4,0,1,13.50,13.50
Nick Schmaltz,UTA,C,1,1,0,0,2,0,0,5.50,5.50
Nick Seeler,PHI,D,2,0,0,0,1,3,6,4.25,2.12
Nick Suzuki,MTL,C,1,0,0,0,2,2,1,2.00,2.00
Nico Hischier,NJD,C,1,0,0,0,2,2,1,2.00,2.00
Nicolas Deslauriers,CAR,LW,2,0,0,0,0,10,0,2.50,1.25
Nicolas Hague,NSH,D,1,0,0,0,0,2,0,0.50,0.50
Nicolas Roy,COL,C,1,1,0,0,2,2,1,6.50,6.50
Nikita Kucherov,TBL,RW,1,1,0,0,1,0,1,5.50,5.50
Nikita Nesterenko,ANA,C,1,0,0,0,0,3,0,0.75,0.75
Nikita Zadorov,BOS,D,2,0,2,0,1,10,3,10.50,5.25
Niko Mikkola,FLA,D,2,0,0,0,6,1,2,4.25,2.12
Nikolaj Ehlers,CAR,LW,2,0,0,0,6,2,1,4.00,2.00
Nils Hoglander,NSH,LW,1,0,0,0,0,0,0,0.00,0.00
Nils Lundkvist,DAL,D,1,0,0,0,2,0,1,1.50,1.50
Nino Niederreiter,WPG,RW,1,0,0,0,0,2,0,0.50,0.50
Noah Cates,PHI,LW,2,0,0,0,3,0,1,2.00,1.00
Noah Dobson,MTL,D,1,0,0,0,1,0,2,1.50,1.50
Noah Hanifin,VGK,D,2,1,0,0,4,0,4,8.50,4.25
Noah Juulsen,COL,D,1,0,0,0,0,0,1,0.50,0.50
Noah Laba,NYR,C,3,0,1,0,2,4,1,5.50,1.83
Noah Ostlund,BUF,C,1,0,2,0,3,0,0,7.50,7.50
Noah Warren,ANA,D,1,0,1,0,0,1,0,3.25,3.25
Noel Acciari,PHI,C,2,0,0,0,1,4,3,3.00,1.50
Nolan Allan,SJS,D,1,0,0,0,1,2,1,1.50,1.50
Oliver Bjorkstrand,NYR,RW,3,0,1,0,5,1,0,5.75,1.92
Oliver Ekman-Larsson,TOR,D,2,0,0,0,3,2,3,3.50,1.75
Oliver Moore,CHI,C,2,0,0,0,4,1,0,2.25,1.12
Olli Maatta,MIN,D,1,0,1,0,0,0,1,3.50,3.50
Ondrej Palat,NYI,LW,1,0,0,0,2,1,0,1.25,1.25
Oskar Bäck,DAL,C,1,0,0,0,0,0,4,2.00,2.00
Owen Michaels,EDM,RW,2,1,0,0,1,2,1,6.00,3.00
Owen Power,BUF,D,1,0,2,0,0,0,0,6.00,6.00
Owen Tippett,PHI,RW,2,0,0,0,6,10,1,6.00,3.00
Parker Kelly,COL,C,1,1,1,0,1,3,0,8.75,8.75
Parker Wotherspoon,VGK,D,2,0,0,0,1,1,1,1.25,0.62
Patrick Kane,CHI,RW,2,1,0,0,4,3,1,7.75,3.88
Paul Cotter,VAN,LW,2,3,1,1,4,7,0,22.25,11.12
Pavel Buchnevich,STL,LW,1,0,0,0,0,0,0,0.00,0.00
Pavel Dorofeyev,NYR,RW,3,1,1,0,12,1,2,14.75,4.92
Pavel Mintyukov,ANA,D,1,0,0,0,1,0,2,1.50,1.50
Pavel Zacha,BOS,C,2,0,0,0,6,1,3,4.75,2.38
Peyton Krebs,BUF,C,1,0,0,0,0,3,0,0.75,0.75
Philip Broberg,STL,D,1,0,1,0,1,0,1,4.00,4.00
Phillip Danault,MTL,C,1,0,0,0,0,1,0,0.25,0.25
Pierre-Luc Dubois,WSH,C,1,0,2,0,1,1,1,7.25,7.25
Pius Suter,STL,C,1,1,1,0,4,4,0,10.50,10.50
Pontus Holmberg,TBL,RW,1,0,0,0,3,1,0,1.75,1.75
Porter Martone,PHI,RW,2,0,0,0,1,0,0,0.50,0.25
Quinn Hughes,MIN,D,1,0,1,0,5,0,0,5.50,5.50
Quinton Byfield,LAK,RW,1,0,0,0,3,0,2,2.50,2.50
Radek Faksa,DAL,C,1,0,0,0,1,1,2,1.75,1.75
Radko Gudas,FLA,D,2,0,0,0,1,7,3,3.75,1.88
Rasmus Andersson,VGK,D,2,0,0,0,4,0,1,2.50,1.25
Rasmus Dahlin,BUF,D,1,0,0,0,4,2,0,2.50,2.50
Rasmus Ristolainen,PHI,D,2,1,0,0,4,3,5,9.75,4.88
Reid Schaefer,NSH,LW,1,0,0,0,1,1,1,1.25,1.25
Rickard Rakell,PIT,RW,1,0,1,0,2,3,0,4.75,4.75
Robert Thomas,STL,C,1,0,0,0,0,0,0,0.00,0.00
Roman Josi,NSH,D,1,1,0,0,3,2,0,6.50,6.50
Roman Kantserov,CHI,RW,2,0,0,0,1,3,0,1.25,0.62
Roope Hintz,DAL,C,1,0,0,0,0,2,0,0.50,0.50
Ross Colton,NSH,C,1,0,0,0,2,6,0,2.50,2.50
Ross Johnston,STL,LW,1,0,0,0,0,5,2,2.25,2.25
Ryan Donato,CHI,C,2,0,0,0,2,1,0,1.25,0.62
Ryan Greene,CHI,C,2,0,1,0,1,0,1,4.00,2.00
Ryan Hartman,MIN,RW,1,0,0,0,0,1,0,0.25,0.25
Ryan Leonard,WSH,RW,1,1,0,0,3,2,1,7.00,7.00
Ryan Lindgren,SEA,D,1,0,0,0,0,0,2,1.00,1.00
Ryan Lomberg,CBJ,LW,1,0,0,0,0,2,0,0.50,0.50
Ryan McDonagh,TBL,D,1,0,0,0,1,1,1,1.25,1.25
Ryan McLeod,BUF,C,1,0,1,0,0,0,0,3.00,3.00
Ryan O'Reilly,NSH,C,1,0,0,0,4,2,0,2.50,2.50
Ryan Poehling,ANA,C,1,0,0,0,2,0,2,2.00,2.00
Ryan Pulock,NYI,D,1,0,0,0,0,1,2,1.25,1.25
Ryan Shea,EDM,D,2,1,1,0,1,2,0,8.50,4.25
Ryan Strome,CGY,C,1,1,0,0,4,0,1,7.00,7.00
Ryan Ufko,NSH,D,1,0,0,0,1,0,1,1.00,1.00
Ryan Winterton,SEA,C,1,0,1,0,3,0,1,5.00,5.00
Ryker Evans,SEA,D,1,0,1,0,1,1,1,4.25,4.25
Sam Bennett,FLA,C,2,0,1,0,2,10,0,6.50,3.25
Sam Carrick,BUF,C,1,0,0,0,0,1,0,0.25,0.25
Sam Malinski,COL,D,1,0,0,0,2,0,3,2.50,2.50
Sam Reinhart,FLA,C,2,0,0,0,4,8,1,4.50,2.25
Sam Rinzel,CHI,D,2,0,0,0,4,1,2,3.25,1.62
Sam Steel,DAL,C,1,0,0,0,3,2,0,2.00,2.00
Samuel Girard,PIT,D,1,0,2,0,2,1,0,7.25,7.25
Samuel Helenius,LAK,C,1,0,0,0,1,3,0,1.25,1.25
Samuel Honzek,CGY,LW,1,0,0,0,2,4,1,2.50,2.50
Sandis Vilmanis,FLA,LW,2,0,0,0,2,7,3,4.25,2.12
Scott Laughton,LAK,C,1,0,0,0,3,1,1,2.25,2.25
Sean Couturier,PHI,C,2,0,1,0,2,2,0,4.50,2.25
Sean Durzi,NYR,D,3,1,0,0,3,1,4,8.25,2.75
Sean Kuraly,BOS,C,2,0,0,0,3,7,2,4.25,2.12
Sean Monahan,CBJ,C,1,1,0,0,1,0,1,5.50,5.50
Sean Walker,CAR,D,2,0,0,0,3,5,3,4.25,2.12
Sebastian Aho,CAR,C,2,1,0,0,6,0,1,8.00,4.00
Seth Jones,FLA,D,2,0,0,0,3,1,1,2.25,1.12
Shakir Mukhamadullin,EDM,D,2,0,0,0,0,0,2,1.00,0.50
Shane Wright,SEA,C,1,0,1,0,2,1,1,4.75,4.75
Shayne Gostisbehere,CAR,D,2,0,0,0,1,1,1,1.25,0.62
Shea Theodore,VGK,D,2,1,2,0,5,0,3,14.50,7.25
Sidney Crosby,PIT,C,1,0,1,0,3,2,0,5.00,5.00
Simon Benoit,PHI,D,2,0,0,0,1,4,0,1.50,0.75
Simon Holmstrom,NYI,RW,1,0,0,0,0,0,0,0.00,0.00
Simon Nemec,CGY,D,1,0,0,0,4,0,1,2.50,2.50
Stefan Noesen,NJD,RW,1,0,0,0,0,4,0,1.00,1.00
Steven Stamkos,NSH,C,1,0,1,0,1,1,0,3.75,3.75
T.J. Hughes,COL,RW,1,0,0,0,2,2,0,1.50,1.50
Tage Thompson,BUF,C,1,0,0,0,4,1,0,2.25,2.25
Tanner Jeannot,BOS,LW,2,0,0,0,0,9,1,2.75,1.38
Taylor Hall,CAR,LW,2,0,0,0,2,4,1,2.50,1.25
Teddy Blueger,TOR,C,2,0,0,0,1,3,1,1.75,0.88
Teuvo Teravainen,CHI,C,1,0,0,0,1,0,0,0.50,0.50
Theo Lindstein,STL,D,1,0,0,0,1,0,1,1.00,1.00
Thomas Harley,DAL,D,1,0,0,0,1,1,0,0.75,0.75
Tim Washe,ANA,C,1,0,1,0,1,2,1,4.50,4.50
Timo Meier,NJD,RW,1,0,0,0,4,2,0,2.50,2.50
Timothy Liljegren,WSH,D,1,0,0,0,0,2,1,1.00,1.00
Tom Willander,VAN,D,2,0,1,0,0,0,2,4.00,2.00
Tom Wilson,WSH,RW,1,0,1,0,0,3,3,5.25,5.25
Tomas Hertl,VGK,C,2,1,0,0,9,3,2,10.75,5.38
Tommy Novak,PIT,C,1,0,1,0,0,0,1,3.50,3.50
Tony DeAngelo,NYI,D,1,0,0,0,0,0,1,0.50,0.50
Travis Konecny,PHI,RW,2,0,1,0,3,7,2,7.25,3.62
Travis Mitchell,ANA,D,1,0,0,0,0,1,0,0.25,0.25
Travis Sanheim,PHI,D,2,1,1,0,6,0,3,12.00,6.00
Trent Frederic,EDM,C,2,1,0,0,3,6,1,8.00,4.00
Trevor Connelly,VGK,LW,2,1,0,0,4,1,0,6.75,3.38
Trevor Moore,LAK,LW,1,1,0,1,2,1,1,8.25,8.25
Trevor Zegras,PHI,C,2,0,0,0,2,0,0,1.00,0.50
Trevor van Riemsdyk,PIT,D,1,0,0,0,0,1,4,2.25,2.25
Tristan Luneau,ANA,D,1,0,1,0,0,0,5,5.50,5.50
Troy Stecher,TOR,D,2,0,0,0,0,2,0,0.50,0.25
Tye Kartye,NYR,LW,3,0,1,0,1,9,1,6.25,2.08
Tyler Bertuzzi,CHI,LW,2,0,0,0,2,1,0,1.25,0.62
Tyler Myers,DAL,D,1,0,0,0,1,0,2,1.50,1.50
Tyler Seguin,DAL,C,1,0,0,0,4,0,0,2.00,2.00
Tyler Toffoli,SJS,C,1,0,0,0,1,0,0,0.50,0.50
Tyrel Bauer,WPG,D,1,0,0,0,0,3,0,0.75,0.75
Tyson Foerster,PHI,RW,2,0,0,0,3,2,1,2.50,1.25
Tyson Hinds,ANA,D,1,0,0,0,0,2,0,0.50,0.50
Uvis Balinskis,FLA,D,1,0,0,0,1,3,1,1.75,1.75
Valeri Nichushkin,CBJ,RW,1,0,1,0,0,1,0,3.25,3.25
Vasily Podkolzin,EDM,RW,2,3,1,0,11,7,0,23.75,11.88
Victor Eklund,NYI,RW,1,0,0,0,2,1,0,1.25,1.25
Victor Hedman,TBL,D,1,0,0,0,2,2,4,3.50,3.50
Victor Olofsson,VGK,LW,2,1,1,0,3,0,1,9.50,4.75
Viggo Björck,WPG,C,1,0,0,0,2,0,0,1.00,1.00
Viktor Arvidsson,DET,LW,1,0,0,0,1,0,2,1.50,1.50
Ville Koivunen,PIT,RW,1,1,0,0,2,0,0,5.50,5.50
Vince Dunn,SEA,D,1,1,2,0,2,2,1,12.50,12.50
Vincent Desharnais,WSH,D,1,0,0,0,0,3,3,2.25,2.25
Vincent Trocheck,UTA,C,1,0,1,0,1,6,1,5.50,5.50
Vladislav Gavrikov,NYR,D,3,0,0,0,1,3,9,5.75,1.92
Vladislav Namestnikov,WPG,C,1,0,0,0,1,0,1,1.00,1.00
Will Cuylle,NYR,LW,3,0,1,0,8,11,0,9.75,3.25
Will Smith,SJS,C,1,2,1,1,3,1,0,15.75,15.75
William Borgen,BOS,D,2,0,1,0,1,5,1,5.25,2.62
William Carrier,CAR,LW,2,0,1,0,1,6,0,5.00,2.50
William Karlsson,VGK,C,2,0,0,0,3,0,0,1.50,0.75
William Nylander,TOR,RW,2,2,0,0,6,0,2,13.00,6.50
Wyatt Johnston,DAL,C,1,0,0,0,4,1,1,2.75,2.75
Wyatt Kaiser,CHI,D,2,0,1,0,1,0,4,5.50,2.75
Yakov Trenin,MIN,C,1,0,0,0,0,2,0,0.50,0.50
Yan Kuznetsov,CGY,D,1,0,0,0,1,2,1,1.50,1.50
Yegor Sharangovich,CGY,C,1,0,1,0,1,2,0,4.00,4.00
Zach Benson,BUF,LW,1,0,1,0,1,2,1,4.50,4.50
Zach Bogosian,MIN,D,1,0,0,0,1,1,0,0.75,0.75
Zach Hyman,EDM,LW,1,0,0,0,3,2,0,2.00,2.00
Zach Metsa,BUF,D,1,0,0,0,0,0,2,1.00,1.00
Zach Werenski,CBJ,D,1,0,2,0,3,0,1,8.00,8.00
Zach Whitecloud,CGY,D,1,0,0,0,0,2,1,1.00,1.00
Zachary Bolduc,MTL,RW,1,1,0,0,2,0,0,5.50,5.50
Zack MacEwen,TOR,RW,1,0,0,0,0,0,0,0.00,0.00
Zack Ostapchuk,SJS,C,1,0,0,0,0,0,2,1.00,1.00
Zayne Parekh,CGY,D,1,0,0,0,1,1,1,1.25,1.25
Zeev Buium,VAN,D,2,0,0,0,4,0,2,3.00,1.50
Zemgus Girgensons,TBL,C,1,0,0,0,0,3,0,0.75,0.75
